13.790816582768635,2.7407409663592273e8,6837.539773453912,3004.3061817077146,2601.398391694416,739.1084562671472,5847.096457074071,6729.349398789401,3321.7629981709065,491.701359461546,12416.069723132898,4757.100690194927,552.1308616687309,459.1012605329059,116567.8503727322,2207.0592859950425,15563.411028226155,13499.12252001348,1453.1673472968619,1588.2389179783625
647.9360983282014,37612.659812189704,150.98467131182588,147.2153320750326,9.460929632668737,278.23053149651616,25.445058606134527,15.167942818587447,58.80917753402137,179.36470148973046,3052.212396699617,18.249711231939017,209.1965374332745,122.85610607059583,857.030696262192,27.0366504007369,106.97171038663922,110.93535267192443,64.25008556124564,63.06714920705123
8905.658981174865,3.3811554992215894e7,3.704222347947053,659.0366929268423,244.33080098528802,494.57323448611623,439.9355268285987,352.8873110859596,1810.0473460648757,442.2165229933922,9004.910016686987,411.2862858784056,642.5091298272013,550.2962646024082,1938.9596163978133,210.84501019650642,1099.1039933281404,1414.956461418538,249.3447046091429,404.86766141160064
4433.620754509102,2.880824058885283e7,1436.8881830402377,3.229842298741157,466.00553776699354,1453.445258436502,1204.6599085641874,1378.8033408889316,862.4006236462507,888.9683928366445,18559.305170501983,1075.2142919567764,580.9300422160286,629.1095925987956,1546.1713655524409,1712.9733236501127,3612.9965141105813,2612.2517029712662,54.45083752447841,910.9594379863694
14543.849111915495,4.011890446044043e7,5533.201043865587,2738.1930066758955,3.2819638007487857,6791.826902684139,700.9837976212248,1636.567874095438,3901.58935953856,8411.1949674044,49630.79154362644,767.3459213792653,2755.7682530557663,4206.078263998115,25889.188136916753,1383.4425232674457,4270.994492980576,5395.167799982333,1079.1776640240705,2258.71004752914
204.34978992617437,4.279512598785973e6,136.397180609183,57.755271409276574,50.18113032607351,5.047986417879902,78.36275274845265,81.69729902335268,173.02387709361665,145.2614713449113,806.4580986976613,73.99431313552832,44.13441983794358,30.490033779447494,205.9855758600389,95.11428849675805,91.19666741785991,123.50373604966795,28.194687403700208,65.91483794521743
4725.518833343542,8.274408975586485e6,1289.8971100589642,847.513001909147,54.831619070110364,1370.9354164168944,6.5031007095033555,256.7828136148824,424.8574391822766,1688.9213811030306,11955.312445782442,140.138012755034,1069.4349189295913,674.7548655114845,4197.629681814051,114.87438981820573,715.1683717942313,521.7450412315126,322.3937233693982,374.90344035211285
2621.2137534770077,3.2202444095353554e6,458.3059680272439,670.2211159029895,44.63538432215544,1753.3243371225785,114.5016837281658,2.1523547561659435,157.89051347223915,1144.073372829418,12440.24320634221,62.67868725388347,1078.0541035048584,700.6657559699004,1374.7679334659147,110.32570648644678,554.915269019635,296.5390466442306,283.38665690307516,214.30348956347925
1721.443529607233,7.1026475514959665e6,648.443687413632,465.8391802015302,66.99521370669586,1511.2497493892586,197.5295345107916,184.3258515978717,3.7366565144064396,1531.4136076768687,10883.18840626758,226.47747454066086,822.8795816553608,547.4602174255973,8100.630137895477,88.79581885636763,772.8466612368901,741.7735923774599,149.3045094669964,312.0209074640243
343.51058489789705,2.096086031986036e7,363.11152548097283,415.5652780017562,217.72873687430047,237.47733116961095,300.4131346363206,161.79422855687653,940.5348131861575,5.522590423128223,731.6697377717337,226.1961100282504,70.21752137930959,54.19007585232243,1886.808923416645,141.33807961689575,345.1728185888052,323.2186439070029,99.15046066770931,159.7832521477375
10599.063556162233,1.62741516508579e8,4682.234438952181,3611.6525692738383,845.4954047517815,9705.22689160247,3132.3332418129476,2707.183389604595,4324.408644558707,2679.4134623301447,145.72501995574675,2663.052425468143,5098.158433396232,2152.8930854736695,19878.30983210989,2194.4688958806796,8468.60953910009,3194.9719404312855,862.9025110948395,2095.3088573122695
13803.951750441754,2.6167328422918383e7,5272.059366541743,2638.749465066518,224.51250217655175,9091.784166613414,962.8367211954542,738.0838195188218,2020.8027654695459,6065.662688664313,56182.47457375846,5.301184920216474,5137.0548136440075,3706.2187953886328,16705.406600994957,1168.5454014226475,2603.9777842565754,1573.1157966147612,1254.6813778946462,1582.5485354923646
3446.5191716214454,9.939835886807019e7,4004.595625831834,1553.0596657606466,923.5228675740503,1369.3411630354296,1504.325638888108,2803.1699681147647,3671.5074366501963,676.7674115514304,25922.710281937285,2475.8284761927966,7.184391916263612,344.5666333690133,4444.906173613074,560.1979920758073,3939.841256067665,4727.477144256235,485.05943813687946,1108.5707745277184
1027.5176408743373,3.957641782723e7,417.2905770561012,383.5764066688905,447.9907715217517,172.7351758997593,577.5582354436195,719.5984947981078,1016.4952662943336,199.51771922669866,3408.9186080704308,678.3525676396791,220.76690200312913,7.4185869127917625,786.4233736057355,832.1722985570048,1290.8499462983427,419.9928380238867,140.4821616035963,264.3181282505429
46251.94797816221,5.910215735028728e8,8636.69844522084,1073.5999381501465,7700.231684264404,26808.177812535552,14583.71706839024,5580.156660029466,34915.41570927441,64832.23439122177,217541.07805882566,15974.434946794141,11689.179995135626,9983.893253022989,115.04863782040624,16655.071002070184,50103.52566442809,30312.70004779478,351.2706482465938,9443.072327069296
3715.3281686759824,8.687621882634427e6,264.5821582147168,1146.866158219643,87.93032353810631,3066.862125341976,99.33173458822908,192.07257417624803,319.4699417917552,1293.3936947089533,31862.589412687157,161.4582983656034,1359.7113290821844,767.8002484239513,8464.273339548994,3.326227637203757,1025.784205570301,1384.8283996337484,606.8563450568427,348.2150258474604
21608.76252632207,1.0312103997870395e7,610.4155412450825,1190.603149817326,127.83356028406283,496.1790893848062,86.14036068835466,254.052554665476,610.7715393162678,605.3118731081747,6826.501115773164,90.55639689261827,266.70783686333414,146.14518094117207,7288.093306141951,62.85638474179685,4.384145231501119,143.84090227503677,268.7034822585707,152.95081710835754
90776.35875915829,2.3994109748316762e8,47980.64131696315,20631.04083313843,2530.8255693277924,57017.67463109139,3087.3889219397925,3357.4375569251515,8825.658800728048,26468.065102534478,325576.22463938623,2474.952999225721,72084.37636495118,22091.083735046555,149317.94546702623,5677.288329671642,9513.84205511669,24.90805373841856,8918.865889434668,5425.042778689276
637.3449587463806,8.48756793852785e6,153.98938847720973,29.636522087058307,46.908169879626065,373.48360975144016,176.2208242137803,204.22700927191417,279.737275561752,358.4188563569932,4434.926712892488,273.4396113428149,153.15429601029857,109.71775862564668,142.50321468473018,93.4061611140891,602.6875764632211,596.037412117822,1.3119184842905305,176.99320647794056
44.80177546052143,2.187483714369534e6,20.455933414557585,14.770032139366899,3.1714551956918067,14.603118551663448,5.88863309846705,7.294462682552922,12.059641423075647,8.10169738817561,103.03113963186593,5.50064657071025,8.742599028151654,9.193501463962933,115.36776984554896,5.361278463705609,13.58876038963575,13.218263119552747,5.608569898756696,4.870211777498466
