seed,direction,block,algorithm,delta,best_g,gamma_prime,kappa_ratio,GT,incumbent_source,dlogA,dlogf,DeltaStar,status,wall
29,upper,gamma_only,active,0.0001,-0.043806931659930076,0.9571387328217003,0.9338782876558722,0.06612171234412778,cold_verified,0.0,0.0,9.857962087187897e-5,-100,23.842453002929688
29,upper,gamma_technology,active,0.0001,-0.042396034543593,0.9584901102028236,0.9347571050200837,0.06524289497991631,cold_verified,0.011415453778457265,0.0,9.793392626240495e-5,-200,8.039006233215332
29,upper,gamma_participation,active,0.0001,-0.042399128410779995,0.9584871447663099,0.9347551770125153,0.06524482298748469,cold_verified,0.0,0.016365989395077454,9.964452563317828e-5,-200,12.896475076675415
29,upper,full_joint,sqp,0.0001,-0.043810381061117405,0.957135431271913,0.933876140111092,0.06612385988890801,multistart:gamma_only_best,0.0036328922022246138,0.004572486855363412,9.974356652701249e-5,-101,35.101484060287476
29,upper,full_joint,cg,0.0001,-0.043943192081664625,0.9570083215794548,0.9337934577427007,0.06620654225729927,multistart:gamma_only_best,0.004982004929222626,0.004191454354479989,9.09837948155189e-5,-101,13.8209969997406
29,upper,gamma_only,active,0.0003,-0.04496951548819155,0.9560266253938351,0.9331547602159964,0.06684523978400359,cold_verified,0.0,0.0,0.0002983162167382241,-100,10.753176212310791
29,upper,gamma_technology,active,0.0003,-0.0424040895521599,0.9584823895878695,0.9347520853825687,0.06524791461743129,cold_verified,0.02059294335155213,0.0,0.0002997564548618529,-200,6.85027003288269
29,upper,gamma_participation,active,0.0003,-0.04240154151169039,0.9584848318428989,0.9347536732413457,0.06524632675865427,cold_verified,0.0,0.020572780644236115,0.0002908810023078816,-200,3.493288040161133
29,upper,full_joint,sqp,0.0003,-0.04497709115584566,0.9560193828812861,0.9331500473810085,0.06684995261899151,multistart:gamma_only_best,0.007922532713565873,0.010443243013615714,0.00029999999999999835,-101,38.6952908039093
29,upper,full_joint,cg,0.0003,-0.04559051197412624,0.955433120520299,0.9327685162889353,0.06723148371106469,multistart:gamma_only_best,0.01646604966825882,0.013885443728121652,0.00026776439611412726,-400,29.151089906692505
29,upper,gamma_only,active,0.001,-0.047189922381778576,0.9539062122455166,0.9317744599025719,0.0682255400974281,cold_verified,0.0,0.0,0.0009994674264994692,-100,11.903167009353638
29,upper,gamma_technology,active,0.001,-0.04242396106285653,0.9584633432840522,0.9347397021738845,0.06526029782611553,cold_verified,0.039798540419342186,0.0,0.0009999449030152438,-200,7.014873027801514
29,upper,gamma_participation,active,0.001,-0.042409921690414604,0.9584767996023595,0.9347484509873704,0.06525154901262964,cold_verified,0.0,0.034165708159777375,0.000999305549256999,-200,4.987338066101074
29,upper,full_joint,sqp,0.001,-0.04721115407308989,0.9538859594182799,0.931761271230775,0.06823872876922499,multistart:gamma_only_best,0.015365602638371128,0.01795196695984468,0.0009991698756928312,-400,27.75900101661682
29,upper,full_joint,cg,0.001,-0.04921356083070876,0.9519778028175628,0.930518257710926,0.069481742289074,multistart:gamma_only_best,0.027217659123943173,0.03221894198440932,0.0009964654260582624,-410,34.320388078689575
29,upper,gamma_only,active,0.003,-0.05103831494182278,0.9502422613579622,0.9293869679481723,0.07061303205182767,cold_verified,0.0,0.0,0.0029993330743115724,0,1.515674114227295
29,upper,gamma_technology,active,0.003,-0.042457956088048726,0.958430760852375,0.9347185180807875,0.06528148191921246,cold_verified,0.06381288246545071,0.0,0.0029994705846658827,-410,16.94393301010132
29,upper,gamma_participation,active,0.003,-0.04242256405353963,0.958464682267208,0.9347405727343383,0.0652594272656617,cold_verified,0.0,0.055083974197114326,0.0029979340875853897,-200,4.9524571895599365
29,upper,full_joint,sqp,0.003,-0.051045787223418335,0.9502351609067297,0.9293823381989468,0.07061766180105322,multistart:gamma_only_best,0.012903233209472648,0.016131590653081573,0.002998552754338592,-101,33.25737810134888
29,upper,full_joint,cg,0.003,-0.05302885082265093,0.9483526513334501,0.9281544671701317,0.07184553282986827,multistart:gamma_only_best,0.0390779172242315,0.04297056338618574,0.0029989154524610816,-410,31.47269892692566
29,upper,gamma_only,active,0.01,-0.05875451391804875,0.9429382189559788,0.9246183538085776,0.0753816461914224,cold_verified,0.0,0.0,0.009993749684559199,-100,12.403221130371094
29,upper,gamma_technology,active,0.01,-0.04251989190835063,0.9583714014952532,0.9346799238388026,0.0653200761611974,cold_verified,0.1196148583426714,0.0,0.009996527172269168,-200,9.270141839981079
29,upper,gamma_participation,active,0.01,-0.04243781589271372,0.9584500640294978,0.9347310684407345,0.0652689315592655,cold_verified,0.0,0.08582655072438401,0.009991827770611271,-200,1.478010892868042
29,upper,full_joint,sqp,0.01,-0.05877817444033576,0.9429159088091699,0.9246037692881589,0.0753962307118411,multistart:gamma_only_best,0.03173302483788182,0.03993252031084684,0.00999906723797654,-101,25.808055877685547
29,upper,full_joint,cg,0.01,-0.06386421387063687,0.938132376246739,0.9214740307924516,0.0785259692075484,multistart:gamma_only_best,0.07222571710970407,0.08944536369604701,0.009996297077813033,-400,32.1308810710907
29,upper,gamma_only,active,0.03,-0.07226188188792033,0.9302872385295495,0.9163296225750576,0.08367037742494243,cold_verified,0.0,0.0,0.029996472118208672,-100,10.390803813934326
29,upper,gamma_technology,active,0.03,-0.042595776175767375,0.9582986789428213,0.9346326400339852,0.06536735996601484,cold_verified,0.2042376641201073,0.0,0.029999078378239254,-200,8.457485914230347
29,upper,gamma_participation,active,0.03,-0.04247862101795108,0.958410955152528,0.9347056409077199,0.0652943590922801,cold_verified,0.0,0.16897785360373788,0.029990560101784143,-200,4.064064979553223
29,upper,full_joint,sqp,0.03,-0.07230358097212156,0.9302484472124456,0.9163041495250682,0.08369585047493178,multistart:gamma_only_best,0.051447799033242675,0.06200442370542249,0.02999881594925768,-400,31.41843318939209
29,upper,full_joint,cg,0.03,-0.08071285750122406,0.9224585304669746,0.911181552069138,0.08881844793086202,multistart:gamma_only_best,0.11048496421104162,0.1432200470408849,0.02994979491687332,-400,30.0453999042511
29,upper,gamma_only,active,0.1,-0.09985240617099947,0.9049709763110566,0.8996290098472397,0.1003709901527603,cold_verified,0.0,0.0,0.09997310771019778,-400,12.571094989776611
29,upper,gamma_technology,active,0.1,-0.04262189252575999,0.9582736520059321,0.9346163673802186,0.06538363261978142,cold_verified,0.24038652290329052,0.0,0.07345749324430738,-200,1.3383920192718506
29,upper,gamma_participation,active,0.1,-0.04250160470047359,0.958388927592547,0.9346913190323083,0.06530868096769171,cold_verified,0.0,0.2150110731794723,0.07880670612345303,-200,1.0791521072387695
29,upper,full_joint,sqp,0.1,-0.09990782556349809,0.9049208247590177,0.8995957725324408,0.10040422746755917,multistart:gamma_only_best,0.09101539438451678,0.10415194003670042,0.09999096828347093,-101,24.898785829544067
29,upper,full_joint,cg,0.1,-0.11284227138247811,0.893291546645501,0.8918719397047119,0.1081280602952881,multistart:gamma_only_best,0.15470671539095424,0.2078091302707862,0.09989618658880316,-400,30.11938714981079
29,upper,gamma_only,active,0.3,-0.13614764799860302,0.8727137685344235,0.8781220904727424,0.12187790952725763,cold_verified,0.0,0.0,0.2999846424882193,0,3.0203568935394287
29,upper,gamma_technology,active,0.3,-0.04262414662040955,0.9582714919688547,0.9346149629054384,0.06538503709456156,cold_verified,0.24359498063476373,0.0,0.05917647145021933,-200,1.2548258304595947
29,upper,gamma_participation,active,0.3,-0.04251261198070717,0.9583783783951073,0.9346844601179541,0.06531553988204586,cold_verified,0.0,0.23692359856165693,0.08795174050298178,-200,0.9911339282989502
29,upper,full_joint,sqp,0.3,-0.14415480804024364,0.8657537120490507,0.8734470700433604,0.12655292995663958,multistart:gamma_only_best,0.22312571552221605,0.23996894392438958,0.2942759761904274,-200,14.123392105102539
29,upper,full_joint,cg,0.3,-0.16041978990616518,0.8517861426784049,0.8640271666896714,0.1359728333103286,multistart:gamma_only_best,0.22915726485533802,0.3008873723308677,0.29993198194012327,-400,25.944159984588623
29,upper,gamma_only,active,1.0,-0.172157647998603,0.8418464472992432,0.8572923330500092,0.14270766694999082,cold_verified,0.0,0.0,0.9049249024287913,-200,24.170281887054443
29,upper,gamma_technology,active,1.0,-0.042648708155186205,0.9582479556393246,0.9345996593121226,0.06540034068787737,cold_verified,0.2775053491253486,0.0,0.16589391987273058,-200,1.7495110034942627
29,upper,gamma_participation,active,1.0,-0.042551485426494916,0.9583411236492855,0.9346602374947016,0.06533976250529838,cold_verified,0.0,0.30994486511608016,0.4029862331637634,-200,1.1790540218353271
29,upper,full_joint,sqp,1.0,-0.1722350342731239,0.8417813024596588,0.8572481057509942,0.1427518942490058,multistart:gamma_only_best,0.13697664813214444,0.1515892394865007,0.8717163129841035,-200,9.305404901504517
29,upper,full_joint,cg,1.0,-0.19844634099106434,0.8200037701495416,0.8423984974640422,0.15760150253595784,multistart:gamma_only_best,0.32049874144391866,0.3335566742387755,0.8568605197961328,-400,69.505686044693
29,lower,gamma_only,active,0.0001,-0.04097245494700874,0.9598555688561747,0.9356446602169339,0.06435533978306607,cold_verified,0.0,0.0,9.857023309250694e-5,-100,7.395282030105591
29,lower,gamma_technology,active,0.0001,-0.04237879274606771,0.9585066364377043,0.934767849676996,0.065232150323004,cold_verified,0.010563017197352188,0.0,9.831628019339686e-5,-200,5.0113279819488525
29,lower,gamma_participation,active,0.0001,-0.0423686192772386,0.9585163878246952,0.9347741895862163,0.06522581041378372,cold_verified,0.0,0.01899131456185461,9.967114386339639e-5,-101,11.775722026824951
29,lower,full_joint,sqp,0.0001,-0.04097141898154493,0.9598565632339094,0.9356453064141933,0.0643546935858067,multistart:gamma_only_best,0.001482105841838025,0.001625152919129648,9.975291360176522e-5,-200,26.88490104675293
29,lower,full_joint,cg,0.0001,-0.04096398533711566,0.959863698492824,0.9356499432620294,0.06435005673797056,multistart:gamma_only_best,0.0012506098968251933,0.0016357037994106929,9.510379342484155e-5,-400,16.17741084098816
29,lower,gamma_only,active,0.0003,-0.0400150909175453,0.9607749400675211,0.9362420191880206,0.06375798081197936,cold_verified,0.0,0.0,0.0002988171849868158,-200,28.510929107666016
29,lower,gamma_technology,active,0.0003,-0.04237075099961783,0.9585143445360383,0.934772861134454,0.06522713886554599,cold_verified,0.019167274900108187,0.0,0.00029980107288893787,-200,7.127490043640137
29,lower,gamma_participation,active,0.0003,-0.04236025487789047,0.9585244052720753,0.9347794021504977,0.0652205978495023,cold_verified,0.0,0.02766318976788603,0.0002997062090466168,-200,6.208850145339966
29,lower,full_joint,sqp,0.0003,-0.040010870365469645,0.9607789950767458,0.9362446534971917,0.06375534650280834,multistart:gamma_only_best,0.004562001003187887,0.005008058061735222,0.00029609892400103444,-101,34.33859300613403
29,lower,full_joint,cg,0.0003,-0.03997112922951061,0.9608171782841327,0.9362694587764971,0.06373054122350286,multistart:gamma_only_best,0.004486654569880172,0.004126697551743035,0.00027975752942713847,-101,28.200874090194702
29,lower,gamma_only,active,0.001,-0.038137321400686056,0.9625807488783017,0.9374147842450463,0.06258521575495368,cold_verified,0.0,0.0,0.0009995739811891338,0,1.3707079887390137
29,lower,gamma_technology,active,0.001,-0.042344096227544266,0.9585398938579253,0.9347894720537431,0.06521052794625692,cold_verified,0.037609185515522316,0.0,0.000999205590601063,-410,14.91882586479187
29,lower,gamma_participation,active,0.001,-0.0423229733249224,0.9585601412166032,0.9348026357910884,0.06519736420891165,cold_verified,0.0,0.05777779963560009,0.0009993030130061884,-200,6.43552303314209
29,lower,full_joint,sqp,0.001,-0.038127564592453346,0.9625901406398937,0.9374208817157331,0.06257911828426688,multistart:gamma_only_best,0.007988349309471064,0.009591426136470469,0.0009902491058674581,-101,33.45663094520569
29,lower,full_joint,cg,0.001,-0.03783858776757351,0.962868347078067,0.9376014943861161,0.06239850561388394,multistart:gamma_only_best,0.010942533438923773,0.009646382072637294,0.0009878200954426168,-400,29.28093385696411
29,lower,gamma_only,active,0.003,-0.035216193651799454,0.9653966810608536,0.9392421018359038,0.06075789816409616,cold_verified,0.0,0.0,0.002998620628713569,-200,21.931530952453613
29,lower,gamma_technology,active,0.003,-0.04231517247531595,0.9585676188292693,0.9348074973069119,0.06519250269308807,cold_verified,0.06402111612293708,0.0,0.0029991085242462925,-410,14.73671007156372
29,lower,gamma_participation,active,0.003,-0.042308873744564865,0.9585736566076223,0.9348114227156401,0.0651885772843599,cold_verified,0.0,0.07716901636775202,0.0029957090297515762,-200,3.436458110809326
29,lower,full_joint,sqp,0.003,-0.03520967658624259,0.9654029726348138,0.9392461825796696,0.06075381742033037,multistart:gamma_only_best,0.009587827804434594,0.010922348181022334,0.0029943694361148263,-200,45.143826961517334
29,lower,full_joint,cg,0.003,-0.03486904916001436,0.9657318713774414,0.9394594954720047,0.06054050452799531,multistart:gamma_only_best,0.013253521297685172,0.010597996875860492,0.002996537110911355,-400,27.100198984146118
29,lower,gamma_only,active,0.01,-0.030054592574280725,0.9703925558747395,0.9424796643398824,0.057520335660117605,cold_verified,0.0,0.0,0.009960744404605447,-200,26.907340049743652
29,lower,gamma_technology,active,0.01,-0.04225338902874308,0.9586268442700909,0.9348460018525984,0.06515399814740164,cold_verified,0.118768818407972,0.0,0.009996467662233402,-200,10.38880205154419
29,lower,gamma_participation,active,0.01,-0.042282536993997616,0.9585989026553646,0.9348278361232434,0.06517216387675662,cold_verified,0.0,0.11646059997597874,0.009992791752099292,-200,4.139804124832153
29,lower,full_joint,sqp,0.01,-0.03003995761504758,0.9704067576341557,0.9424888598190513,0.05751114018094872,multistart:gamma_only_best,0.01954355628795489,0.022773161685070473,0.009993746931160223,-101,34.86193585395813
29,lower,full_joint,cg,0.01,-0.02991193580579369,0.9705309988156009,0.9425693026711727,0.05743069732882733,multistart:gamma_only_best,0.01590678068212398,0.011187906225246819,0.00996849149670234,-202,17.120213985443115
29,lower,gamma_only,active,0.03,-0.024188470472774632,0.9761017260669194,0.946172681388929,0.05382731861107104,cold_verified,0.0,0.0,0.029850023866089995,-200,7.737030029296875
29,lower,gamma_technology,active,0.03,-0.042144357485054844,0.958731370532969,0.9349139561240832,0.06508604387591677,cold_verified,0.21188477494720334,0.0,0.029988915477146015,-200,11.770562171936035
29,lower,gamma_participation,active,0.03,-0.04224979020117383,0.9586302942090146,0.9348482447549986,0.06515175524500139,cold_verified,0.0,0.1709964521527022,0.029891559978452015,-200,1.2538349628448486
29,lower,full_joint,sqp,0.03,-0.024155293463787322,0.9761341107398679,0.9461936090734033,0.05380639092659667,multistart:gamma_only_best,0.03918328977153754,0.04573583684905458,0.029985969110058724,-101,33.1500780582428
29,lower,full_joint,cg,0.03,-0.022142397337234658,0.9781009461639817,0.9474641876974464,0.05253581230255355,multistart:gamma_only_best,0.0533433409214781,0.05051222900120162,0.02999537281780995,-400,30.089461088180542
29,lower,gamma_only,active,0.1,-0.01986120061041713,0.9803347337266134,0.9489061853821565,0.05109381461784346,cold_verified,0.0,0.0,0.09767738628836192,-200,8.457658052444458
29,lower,gamma_technology,active,0.1,-0.042046869273281405,0.9588248400958695,0.9349747201584839,0.06502527984151607,cold_verified,0.3249210932029107,0.0,0.09997062198233607,-200,9.472726106643677
29,lower,gamma_participation,active,0.1,-0.04223220172864241,0.9586471551998911,0.9348592065210479,0.06514079347895207,cold_verified,0.0,0.2019785118639003,0.09670415722469027,-200,1.1622779369354248
29,lower,full_joint,sqp,0.1,-0.0185350879704246,0.9816356303855397,0.9497454606430714,0.050254539356928585,multistart:gamma_only_best,0.14629521720071145,0.16906461454546956,0.0999976560098087,-410,25.495277881622314
29,lower,full_joint,cg,0.1,-0.008003595992842397,0.9920283475038095,0.95643708187293,0.04356291812707003,multistart:gamma_only_best,0.11607215334036247,0.11074219997759135,0.09990889381413821,-101,31.931320190429688
29,lower,gamma_only,active,0.3,-0.01887988952232072,0.9812972192424826,0.9495271699272011,0.0504728300727989,cold_verified,0.0,0.0,0.2986662429068993,-200,2.395832061767578
29,lower,gamma_technology,active,0.3,-0.04203505679334789,0.9588361662619479,0.9349820831008889,0.06501791689911107,cold_verified,0.33878999493138934,0.0,0.12664776658675608,-200,1.819849967956543
29,lower,gamma_participation,active,0.3,-0.042166488080998855,0.9587101534711628,0.934900162757165,0.06509983724283497,cold_verified,0.0,0.3192265119243577,0.295874548328226,-200,5.101730108261108
29,lower,full_joint,sqp,0.3,-0.01818118229007152,0.9819830982929765,0.9499695672885109,0.0500304327114891,multistart:continuation,0.28170615418848427,0.30273374747184784,0.2999278100123562,-400,28.71485996246338
29,lower,full_joint,cg,0.3,0.0045213026016645876,1.0045315391119116,0.9644567018955821,0.03554329810441792,multistart:gamma_only_best,0.23500945739637794,0.27460525820173015,0.2999661166439247,-410,27.717798948287964
29,lower,gamma_only,active,1.0,-0.0185586641514954,0.9816124874389843,0.9497305331797484,0.050269466820251574,cold_verified,0.0,0.0,0.8546175691893179,-200,1.4486629962921143
29,lower,gamma_technology,active,1.0,-0.04200372414329519,0.9588662096106697,0.9350016136158127,0.06499838638418731,cold_verified,0.37620609658813703,0.0,0.20764687367234527,-200,1.4504320621490479
29,lower,gamma_participation,active,1.0,-0.04216579565970036,0.958710817302722,0.9349005943204545,0.06509940567954553,cold_verified,0.0,0.3202240627898109,0.19347257614524765,-200,1.4233980178833008
29,lower,full_joint,sqp,1.0,-0.0024995352073596405,0.9975035860296779,0.9599530538598454,0.04004694614015458,multistart:pareto,0.34648753635054247,0.35628352871057034,0.9266038681330584,-200,29.34157681465149
29,lower,full_joint,cg,1.0,0.011419937458127579,1.0114853938759956,0.9689025405458482,0.031097459454151766,multistart:gamma_only_best,0.13823872954617134,0.12404972838077598,0.9974575826391346,-410,45.207541942596436
49,upper,gamma_only,active,0.0001,-0.06060442554137584,0.9411954790390636,0.9098150919831506,0.09018490801684942,cold_verified,0.0,0.0,9.396405375139492e-5,-200,9.406790018081665
49,upper,gamma_technology,active,0.0001,-0.05945741462404365,0.9422756599000583,0.9105110699428489,0.08948893005715108,cold_verified,0.005594654571088882,0.0,9.886627707372185e-5,-200,11.295103073120117
49,upper,gamma_participation,active,0.0001,-0.05946054412117351,0.9422727110556994,0.9105091703169772,0.0894908296830228,cold_verified,0.0,0.011559819133692008,9.968375655100353e-5,-410,24.678900003433228
49,upper,full_joint,sqp,0.0001,-0.06060741112651827,0.9411926690240201,0.9098132810980053,0.0901867189019947,multistart:gamma_only_best,0.004867296110669051,0.005315444746144598,9.972141652508961e-5,-200,57.40122699737549
49,upper,gamma_only,active,0.0003,-0.06147143360488548,0.9403798086169097,0.9092893659199978,0.09071063408000224,cold_verified,0.0,0.0,0.00029567995134671763,-200,8.86534595489502
49,upper,gamma_technology,active,0.0003,-0.059460460721337545,0.9422727896410922,0.9105092209411889,0.08949077905881109,cold_verified,0.011045131340212276,0.0,0.00029960905375055544,-200,4.263976812362671
49,upper,gamma_participation,active,0.0003,-0.059464764817983816,0.9422687340166663,0.9105066083318144,0.0894933916681856,cold_verified,0.0,0.020209003088672454,0.0002992288291086009,-200,4.982570171356201
49,upper,full_joint,sqp,0.0003,-0.06147814338261252,0.9403734988985833,0.909285298509405,0.09071470149059502,multistart:gamma_only_best,0.009041166741011993,0.01063368740243659,0.00029979818025236007,-101,39.418214082717896
49,upper,gamma_only,active,0.001,-0.06326000511815685,0.9386993753151025,0.9082057926929793,0.0917942073070207,cold_verified,0.0,0.0,0.0009989756410950367,-200,13.966182947158813
49,upper,gamma_technology,active,0.001,-0.05947230136911263,0.9422616325869355,0.910502033623569,0.08949796637643104,cold_verified,0.02656796856621287,0.0,0.0009970795999518361,-200,8.649967908859253
49,upper,gamma_participation,active,0.001,-0.05947261937926562,0.9422613329382172,0.9105018405909955,0.08949815940900452,cold_verified,0.0,0.03586815154605898,0.0009993670646796103,-200,6.216578006744385
49,upper,full_joint,sqp,0.001,-0.06327036056626444,0.9386896547127636,0.9081995227959837,0.0918004772040163,multistart:gamma_only_best,0.015087019245775754,0.01627370204037019,0.0009995819690196488,-101,41.092835903167725
49,upper,gamma_only,active,0.003,-0.06645342845589368,0.9357064921377847,0.9062743257038488,0.0937256742961512,cold_verified,0.0,0.0,0.0029870427562713932,-200,10.475157022476196
49,upper,gamma_technology,active,0.003,-0.05948321558158266,0.9422513485993961,0.9104954087059047,0.08950459129409527,cold_verified,0.0454188864300099,0.0,0.002995518212472131,-200,8.15921401977539
49,upper,gamma_participation,active,0.003,-0.05948203070949416,0.9422524650473808,0.9104961279199199,0.08950387208008015,cold_verified,0.0,0.05507771340342847,0.002788703550296757,-200,1.7912609577178955
49,upper,full_joint,sqp,0.003,-0.06647060403979113,0.9356904209704419,0.9062639485694499,0.09373605143055008,multistart:gamma_only_best,0.025226757344851036,0.027524207940913023,0.0029993563596461903,-101,31.430534839630127
49,upper,gamma_only,active,0.01,-0.07339240403065685,0.929236122474225,0.9020915975058204,0.09790840249417965,cold_verified,0.0,0.0,0.009984049382609673,-200,10.675741910934448
49,upper,gamma_technology,active,0.01,-0.059511373234164194,0.9422248173868077,0.9104783172573934,0.08952168274260663,cold_verified,0.08500263747075044,0.0,0.009989639669663203,-410,23.446599006652832
49,upper,gamma_participation,active,0.01,-0.059522383176898765,0.9422144436026327,0.9104716344058299,0.0895283655941701,cold_verified,0.0,0.12747539567961008,0.009997340493775788,-200,6.912604093551636
49,upper,full_joint,sqp,0.01,-0.07394229058862713,0.9287252884845402,0.9017609594183189,0.09823904058168109,multistart:gamma_only_best,0.046459865119529015,0.05394854462124782,0.0099963236183188,-400,50.45146608352661
49,upper,gamma_only,active,0.03,-0.08603303434010605,0.9175639196009024,0.8945215348335998,0.10547846516640025,cold_verified,0.0,0.0,0.029994948866865594,-200,4.514319896697998
49,upper,gamma_technology,active,0.03,-0.05954169511401831,0.9421962477922435,0.9104599125006525,0.0895400874993475,cold_verified,0.14244918368493134,0.0,0.02998182633802433,-200,10.012045860290527
49,upper,gamma_participation,active,0.03,-0.05957059861448093,0.942169015416117,0.9104423690173409,0.08955763098265912,cold_verified,0.0,0.2179869090252956,0.0299744074507605,-200,9.649152994155884
49,upper,full_joint,sqp,0.03,-0.08606587484725217,0.9175337868312342,0.8945019506874136,0.10549804931258644,multistart:gamma_only_best,0.056688896521653376,0.06289248948601005,0.021208732361098853,-410,39.0362548828125
49,upper,gamma_only,active,0.1,-0.1102577701383769,0.8956032457670016,0.8801911972805598,0.11980880271944017,cold_verified,0.0,0.0,0.09984648718017514,-200,4.865293025970459
49,upper,gamma_technology,active,0.1,-0.05954257731814793,0.9421954165831894,0.9104593770264802,0.08954062297351983,cold_verified,0.14397738983222083,0.0,0.032407657944181954,-200,2.043302059173584
49,upper,gamma_participation,active,0.1,-0.05957695675349453,0.9421630249935866,0.9104385098794224,0.08956149012057757,cold_verified,0.0,0.2301196775427441,0.09858149365872165,-200,1.6834461688995361
49,upper,full_joint,sqp,0.1,-0.11035598281042895,0.895515290498368,0.8801335685476033,0.11986643145239673,multistart:gamma_only_best,0.1572624049240236,0.15756378933237622,0.09997773331873559,-101,39.59525513648987
49,upper,gamma_only,active,0.3,-0.1212602701383769,0.8858033814192139,0.8737586151839228,0.12624138481607716,cold_verified,0.0,0.0,0.19854023470220405,-200,1.852834939956665
49,upper,gamma_technology,active,0.3,-0.059542586514358606,0.9421954079185619,0.9104593714446293,0.0895406285553707,cold_verified,0.14399331190639228,0.0,0.03240939484891945,-200,1.9612979888916016
49,upper,gamma_participation,active,0.3,-0.05957744281295219,0.942162567046449,0.9104382148613047,0.08956178513869528,cold_verified,0.0,0.230756818313971,0.03433920430976293,-200,1.9296879768371582
49,upper,full_joint,sqp,0.3,-0.13461122355860486,0.874055657889351,0.866016115832938,0.13398388416706197,multistart:gamma_only_best,0.3534468796359081,0.39661180905270516,0.29998193760897723,-410,56.349621057510376
49,upper,gamma_only,active,1.0,-0.1269109576383769,0.8808120986948966,0.8704732493378856,0.1295267506621144,cold_verified,0.0,0.0,0.7833309315229268,-200,2.5514979362487793
49,upper,gamma_technology,active,1.0,-0.05954258675307251,0.9421954076936468,0.9104593712997365,0.08954062870026347,cold_verified,0.14399372520708878,0.0,0.03240943993687354,-200,2.350766181945801
49,upper,gamma_participation,active,1.0,-0.059582678061881576,0.9421576346037899,0.9104350372863902,0.08956496271360981,cold_verified,0.0,0.24063599656071585,0.36614594372545334,-200,1.8669350147247314
49,upper,full_joint,sqp,1.0,-0.18225221123297378,0.8333911233045332,0.8389430782806826,0.1610569217193174,multistart:gamma_only_best,0.5619334610093268,0.5612486080160912,0.9715392878130404,-200,17.536600828170776
49,lower,gamma_only,active,0.0001,-0.058437361792474954,0.9432373212443617,0.9111304601192604,0.08886953988073965,cold_verified,0.0,0.0,9.621640835797874e-5,-400,24.211369037628174
49,lower,gamma_technology,active,0.0001,-0.05944924024475852,0.9422833624501753,0.9105160318649218,0.0894839681350782,cold_verified,0.007776806431670569,0.0,9.998345201829719e-5,-200,8.918744087219238
49,lower,gamma_participation,active,0.0001,-0.05945209173326179,0.9422806755438313,0.9105143009825691,0.08948569901743086,cold_verified,0.0,0.004586542714906071,9.862822321794508e-5,-200,1.9811170101165771
49,lower,full_joint,sqp,0.0001,-0.0584344051762337,0.9432401100392678,0.9111322560297745,0.08886774397022545,multistart:gamma_only_best,0.0033481757060682448,0.0034985116099258756,9.89206031383026e-5,-101,50.18347382545471
49,lower,gamma_only,active,0.0003,-0.05767727248916574,0.9439545383827289,0.9115922707929337,0.0884077292070663,cold_verified,0.0,0.0,0.00029592877929315235,-200,11.220935106277466
49,lower,gamma_technology,active,0.0003,-0.059444692507324,0.9422876477172408,0.9105187923943352,0.0894812076056648,cold_verified,0.01353688219668705,0.0,0.00029800957373439947,-200,9.677214860916138
49,lower,gamma_participation,active,0.0003,-0.059437889633505075,0.9422940580030135,0.9105229218333355,0.0894770781666645,cold_verified,0.0,0.024218414580860128,0.00029917109038836556,-200,12.300779104232788
49,lower,full_joint,sqp,0.0003,-0.05767434314553557,0.9439573035539931,0.9115940510393464,0.08840594896065357,multistart:gamma_only_best,0.004867551155269378,0.005082068465323677,0.0002975959331231675,-200,44.08253192901611
49,lower,gamma_only,active,0.001,-0.05663564748916574,0.9449382972937629,0.91222551550137,0.08777448449863001,cold_verified,0.0,0.0,0.0008384788189510137,-200,2.0918490886688232
49,lower,gamma_technology,active,0.001,-0.059437031737692235,0.942294866393487,0.9105234425893525,0.08947655741064753,cold_verified,0.024862481963784093,0.0,0.0009935973172795264,-200,9.240535974502563
49,lower,gamma_participation,active,0.001,-0.05942552408794835,0.9423057100551574,0.910530427939388,0.08946957206061201,cold_verified,0.0,0.04370661399042548,0.000997390079154291,-200,8.16383981704712
49,lower,full_joint,sqp,0.001,-0.05662083265339525,0.9449522965031483,0.9122345251933275,0.08776547480667252,multistart:gamma_only_best,0.014117160543035811,0.01623924466701221,0.0009982323340598197,-101,59.5629448890686
49,lower,gamma_only,active,0.003,-0.05460531507021628,0.9468587851072718,0.9134610988860704,0.08653890111392959,cold_verified,0.0,0.0,0.0029509789970392926,-200,10.779193878173828
49,lower,gamma_technology,active,0.003,-0.05941462797333154,0.9423159775821162,0.9105370421260142,0.08946295787398584,cold_verified,0.048925754801142626,0.0,0.0029976680827365977,-200,16.40058994293213
49,lower,gamma_participation,active,0.003,-0.05941878354729434,0.9423120617265114,0.9105345195934922,0.08946548040650781,cold_verified,0.0,0.055794172716150274,0.0029401838632352605,-410,24.87339186668396
49,lower,full_joint,sqp,0.003,-0.054595490600359835,0.9468680875385601,0.9134670817530173,0.08653291824698273,multistart:gamma_only_best,0.015565046106731381,0.015820777925470313,0.0029949796299690366,-410,56.48155903816223
49,lower,gamma_only,active,0.01,-0.05403531507021628,0.947398648461222,0.9138082800638933,0.08619171993610675,cold_verified,0.0,0.0,0.003991871100023935,-200,2.0417368412017822
49,lower,gamma_technology,active,0.01,-0.059354102455566736,0.9423730134706033,0.9105737833512156,0.08942621664878436,cold_verified,0.10229097110151239,0.0,0.00998901477479203,-410,25.999686002731323
49,lower,gamma_participation,active,0.01,-0.05934453471290512,0.9423820298962209,0.9105795914601614,0.08942040853983857,cold_verified,0.0,0.15954166837271608,0.00999456904696307,-200,15.400378942489624
49,lower,full_joint,sqp,0.01,-0.053992778495866645,0.9474389484113759,0.9138341939472182,0.08616580605278179,multistart:gamma_only_best,0.036936240007810345,0.0421994314060787,0.009984919826819613,-101,52.278953075408936
49,lower,gamma_only,active,0.03,-0.051452032130748414,0.9498492111122225,0.9153833862160942,0.08461661378390584,cold_verified,0.0,0.0,0.0212011006638698,-200,1.8107290267944336
49,lower,gamma_technology,active,0.03,-0.05935219292356324,0.9423748129637499,0.9105749425318074,0.08942505746819263,cold_verified,0.10504563062129199,0.0,0.013209806317404336,-200,2.219395875930786
49,lower,gamma_participation,active,0.03,-0.05921597685432377,0.9425031882997155,0.9106576362461013,0.0893423637538987,cold_verified,0.0,0.35829494192589484,0.02999246967050089,-200,19.01396608352661
49,lower,full_joint,sqp,0.03,-0.051422813445075155,0.949876964863221,0.9154012172560483,0.08459878274395172,multistart:gamma_only_best,0.03828701543156494,0.04264472283326856,0.023778373762352836,-410,42.789401054382324
49,lower,gamma_only,active,0.1,-0.05080057545108018,0.9504681983252652,0.9157810276395029,0.08421897236049714,cold_verified,0.0,0.0,0.09142441451622084,-200,1.7018251419067383
49,lower,gamma_technology,active,0.1,-0.05935219111592587,0.9423748146672218,0.9105749436291335,0.0894250563708665,cold_verified,0.10504824371466666,0.0,0.013210023036444217,-200,2.00081205368042
49,lower,gamma_participation,active,0.1,-0.05920752886110085,0.9425111505938955,0.9106627650802369,0.08933723491976309,cold_verified,0.0,0.3691294750678534,0.07892754815141576,-200,1.9136359691619873
49,lower,full_joint,sqp,0.1,-0.014905103988899021,0.9852054272323504,0.9379602752308664,0.06203972476913355,multistart:pareto,0.18233496179251532,0.24432429701899708,0.09996130037851395,-400,64.68836092948914
49,lower,gamma_only,active,0.3,-0.050714229258762504,0.9505502711783977,0.9158337452933001,0.08416625470669992,cold_verified,0.0,0.0,0.18116550050489022,-200,2.105139970779419
49,lower,gamma_technology,active,0.3,-0.059352191097225615,0.9423748146848445,0.9105749436404855,0.08942505635951448,cold_verified,0.10504827074752542,0.0,0.013210025278452714,-200,2.0314090251922607
49,lower,gamma_participation,active,0.3,-0.059207063529126094,0.9425115891745723,0.9106630475872826,0.08933695241271744,cold_verified,0.0,0.3694979360386986,0.033719216111817316,-200,1.887861967086792
49,lower,full_joint,sqp,0.3,-0.014514170119206273,0.9855906526963951,0.9382047607153774,0.061795239284622605,multistart:continuation,0.3324425972276095,0.41495784707891165,0.29995144254867895,-200,37.620476961135864
49,lower,gamma_only,active,1.0,-0.050687706884609364,0.9505754823626701,0.9158499388266332,0.08415006117336676,cold_verified,0.0,0.0,0.3600268400914086,-200,2.33073091506958
49,lower,gamma_technology,active,1.0,-0.05935219109715166,0.9423748146849141,0.9105749436405305,0.08942505635946951,cold_verified,0.10504827085443696,0.0,0.013210025287319441,-200,3.451930046081543
49,lower,gamma_participation,active,1.0,-0.059201829405178236,0.942516522409963,0.910666225275004,0.08933377472499604,cold_verified,0.0,0.37626526505322105,0.40282090613617855,-200,1.9668910503387451
49,lower,full_joint,sqp,1.0,-0.014323108594396656,0.9857789791397332,0.9383242715479672,0.06167572845203284,multistart:continuation,0.5411480291639861,0.6330471648168101,0.9990252034506648,-200,38.72200608253479
50,upper,gamma_only,active,0.0001,-0.09504948571480112,0.9093279346119827,0.8715585504252763,0.1284414495747237,cold_verified,0.0,0.0,9.971506468524413e-5,-100,12.173819065093994
50,upper,gamma_technology,active,0.0001,-0.09419936565341415,0.9101013012122304,0.8720526433637507,0.12794735663624934,cold_verified,0.0075264748868961355,0.0,9.948939272121165e-5,-200,16.03217101097107
50,upper,gamma_participation,active,0.0001,-0.09419405082956417,0.9101061382531861,0.8720557332400163,0.12794426675998372,cold_verified,0.0,0.0030487825649087915,9.826899323622732e-5,-200,1.9607570171356201
50,upper,full_joint,sqp,0.0001,-0.09505201473466633,0.9093256349064801,0.8715570809672566,0.1284429190327434,multistart:gamma_only_best,0.003280537193325527,0.004579301446216035,9.959586627412894e-5,-200,45.600714921951294
50,upper,gamma_only,active,0.0003,-0.09564452335789424,0.9087870112118254,0.871212878895225,0.12878712110477497,cold_verified,0.0,0.0,0.00029936184593676703,-200,12.453333139419556
50,upper,gamma_technology,active,0.0003,-0.09420325564000634,0.910097760937257,0.8720503818512895,0.12794961814871053,cold_verified,0.012692128121487112,0.0,0.0002989712275249163,-200,6.346886873245239
50,upper,gamma_participation,active,0.0003,-0.09423586293500931,0.9100680855949036,0.8720314252546257,0.12796857474537426,cold_verified,0.0,0.03062550376339688,0.0002993090845409433,-400,25.615281105041504
50,upper,full_joint,sqp,0.0003,-0.0956501871508618,0.9087818640449186,0.8712095893218511,0.1287904106781489,multistart:gamma_only_best,0.00656523771256929,0.008970195084998344,0.0002996577135693409,-101,41.0520339012146
50,upper,gamma_only,active,0.001,-0.09687756760728673,0.9076671271888944,0.8704970104811345,0.12950298951886552,cold_verified,0.0,0.0,0.0009987194752268246,-200,4.340775966644287
50,upper,gamma_technology,active,0.001,-0.09422857692097122,0.9100747163879068,0.8720356610203837,0.12796433897961634,cold_verified,0.0324444838901101,0.0,0.0009990639311425109,-200,11.295226097106934
50,upper,gamma_participation,active,0.001,-0.09424161234474197,0.9100628532556363,0.8720280828170557,0.12797191718294432,cold_verified,0.0,0.04128755954465292,0.0009964331385512145,-200,2.3777108192443848
50,upper,full_joint,sqp,0.001,-0.09688739277699181,0.9076582092491443,0.8704913086459045,0.12950869135409548,multistart:gamma_only_best,0.011827843258085852,0.016502049249193535,0.0009981003718941687,-101,43.99149298667908
50,upper,gamma_only,active,0.003,-0.09902538706541843,0.9057197141660421,0.8692514554914554,0.13074854450854456,cold_verified,0.0,0.0,0.0029956295153719423,0,1.9067461490631104
50,upper,gamma_technology,active,0.003,-0.09424528563632414,0.910059510335558,0.8720259473440597,0.1279740526559403,cold_verified,0.050696232105740036,0.0,0.0029966348901813503,-200,14.514846086502075
50,upper,gamma_participation,active,0.003,-0.09425526266336352,0.9100504306925099,0.8720201472123786,0.12797985278762136,cold_verified,0.0,0.06330086247505642,0.0029935074599132757,-200,4.845142126083374
50,upper,full_joint,sqp,0.003,-0.09904060681408071,0.9057059294445343,0.8692426356770828,0.13075736432291718,multistart:gamma_only_best,0.01993469504801792,0.027813983496175664,0.0029970249845007292,-101,40.922516107559204
50,upper,gamma_only,active,0.01,-0.10302538706541843,0.9021040714157343,0.8669365395365534,0.13306346046344664,cold_verified,0.0,0.0,0.009331166185405724,-200,2.295571804046631
50,upper,gamma_technology,active,0.01,-0.09429634787310201,0.9100130418477618,0.8719962627857161,0.12800373721428393,cold_verified,0.09540756162222201,0.0,0.009993128968320813,-200,17.509462118148804
50,upper,gamma_participation,active,0.01,-0.09430689570267248,0.9100034432359119,0.871990131028631,0.128009868971369,cold_verified,0.0,0.12860519840924853,0.009995812305484832,-410,25.544511795043945
50,upper,full_joint,sqp,0.01,-0.1030613849374046,0.9020715981733406,0.8669157345391526,0.1330842654608474,multistart:gamma_only_best,0.03652561484463252,0.050368375309220205,0.009984967974734754,-410,49.55482506752014
50,upper,gamma_only,active,0.03,-0.11016109800291843,0.8956898298303592,0.8628221945230304,0.13717780547696956,cold_verified,0.0,0.0,0.028091267612922726,-200,2.5865790843963623
50,upper,gamma_technology,active,0.03,-0.0943605461148602,0.9099546224857284,0.8719589431664128,0.12804105683358724,cold_verified,0.16043108755562174,0.0,0.029968598069952942,-200,17.448544025421143
50,upper,gamma_participation,active,0.03,-0.09431457682705494,0.9099964534131207,0.8719856657969592,0.12801433420304076,cold_verified,0.0,0.14458595969967294,0.02967350395846025,-200,2.0943169593811035
50,upper,full_joint,sqp,0.03,-0.11025605001190404,0.8956047863191787,0.8627675784511722,0.13723242154882775,multistart:gamma_only_best,0.05320305254659986,0.07630348171153338,0.02966745398929397,-200,32.11104702949524
50,upper,gamma_only,active,0.1,-0.12219259800291843,0.8849779071103557,0.8559291790951019,0.1440708209048981,cold_verified,0.0,0.0,0.08737202741281873,-200,2.2930970191955566
50,upper,gamma_technology,active,0.1,-0.09436906728493333,0.9099468686406673,0.8719539897735146,0.12804601022648543,cold_verified,0.17243321446182153,0.0,0.06563101133219161,-200,2.392199993133545
50,upper,gamma_participation,active,0.1,-0.09438207100881552,0.9099350360197743,0.8719464307069994,0.1280535692930006,cold_verified,0.0,0.27963798359594844,0.09990886960000833,-200,5.827300071716309
50,upper,full_joint,sqp,0.1,-0.14570234781421681,0.8644149598984693,0.8426186401454674,0.1573813598545326,multistart:gamma_only_best,0.1491039010310465,0.17210998218907106,0.0999766448990253,-410,47.02945303916931
50,upper,gamma_only,active,0.3,-0.13070834800291842,0.8774736540189086,0.8510836938185122,0.14891630618148777,cold_verified,0.0,0.0,0.20004842939789047,-200,1.9183030128479004
50,upper,gamma_technology,active,0.3,-0.09437088434424089,0.9099452152147425,0.8719529335127458,0.12804706648725417,cold_verified,0.17565451326627302,0.0,0.2624090594207348,-200,1.8047659397125244
50,upper,gamma_participation,active,0.3,-0.09439789254438272,0.9099206395641254,0.8719372337345255,0.12806276626547453,cold_verified,0.0,0.3146127716760757,0.22275924172893852,-200,1.720324993133545
50,upper,full_joint,sqp,0.3,-0.15572061563092632,0.8557982536293393,0.8370096722400401,0.16299032775995992,multistart:gamma_only_best,0.15541639861041895,0.17170885683960357,0.23290870462448043,-200,42.06354784965515
50,upper,gamma_only,active,1.0,-0.13539089132388116,0.8733744504600822,0.8484310122274821,0.15156898777251793,cold_verified,0.0,0.0,0.8912517602628793,-200,1.7540059089660645
50,upper,gamma_technology,active,1.0,-0.09437115422603065,0.9099449696371323,0.8719527766299477,0.12804722337005225,cold_verified,0.17603512018902537,0.0,0.4876881658463759,-200,3.6915810108184814
50,upper,gamma_participation,active,1.0,-0.09439991923562682,0.9099187954378011,0.87193605563695,0.12806394436305002,cold_verified,0.0,0.3186476004993511,0.9550339153723272,-400,23.4327449798584
50,upper,full_joint,sqp,1.0,-0.24480535485155858,0.7828569027109213,0.7887471496697268,0.2112528503302732,multistart:continuation,0.5867430541667119,0.7003665411453851,0.9902960569796817,-201,58.44928216934204
50,lower,gamma_only,active,0.0001,-0.09342512841039509,0.9108062083820283,0.8725028766391216,0.12749712336087837,cold_verified,0.0,0.0,9.928189718383891e-5,-100,11.648820877075195
50,lower,gamma_technology,active,0.0001,-0.0941905048323236,0.9101093654927628,0.8720577947806021,0.12794220521939792,cold_verified,0.003363454794858835,0.0,9.982266215527394e-5,-200,13.58876895904541
50,lower,gamma_participation,active,0.0001,-0.09418707770965483,0.9101124845545451,0.8720597872155695,0.12794021278443046,cold_verified,0.0,0.008835881195192009,9.944039983000916e-5,-200,5.630267143249512
50,lower,full_joint,sqp,0.0001,-0.09342425540132519,0.9108070035244562,0.8725033844412192,0.12749661555878078,multistart:gamma_only_best,0.001118916294232189,0.0014225447817581812,9.990220842740228e-5,-101,38.283304929733276
50,lower,gamma_only,active,0.0003,-0.09282552229746217,0.9113524971149362,0.8728517183959494,0.12714828160405056,cold_verified,0.0,0.0,0.0002976097660316583,-200,3.8926169872283936
50,lower,gamma_technology,active,0.0003,-0.09417561546808295,0.9101229165434874,0.8720664510809946,0.12793354891900544,cold_verified,0.014900337780376017,0.0,0.00029837872710347,-200,10.031377077102661
50,lower,gamma_participation,active,0.0003,-0.09417734080147042,0.9101213462793875,0.8720654480113287,0.12793455198867132,cold_verified,0.0,0.018652312597494412,0.00029988722448616705,-200,12.680705070495605
50,lower,full_joint,sqp,0.0003,-0.09282148961482688,0.9113561723177364,0.8728540650217491,0.12714593497825089,multistart:gamma_only_best,0.0036913959479914164,0.004679530772686345,0.00029717192770068417,-101,39.13562798500061
50,lower,gamma_only,active,0.001,-0.09170962225765113,0.9123700430369258,0.8735013035015438,0.12649869649845624,cold_verified,0.0,0.0,0.0009908564207882946,-200,10.461692094802856
50,lower,gamma_technology,active,0.001,-0.09415565539474216,0.9101410828449505,0.8720780554984171,0.1279219445015829,cold_verified,0.030957512256496976,0.0,0.0009999999947114947,-400,25.62258791923523
50,lower,gamma_participation,active,0.001,-0.09412985646095595,0.9101645638173738,0.8720930547500785,0.12790694524992152,cold_verified,0.0,0.05168951369112238,0.00099973421471497,-200,19.22611689567566
50,lower,full_joint,sqp,0.001,-0.09168668805755989,0.912390967753995,0.8735146589727589,0.12648534102724107,multistart:gamma_only_best,0.010914964141346338,0.015488279454450395,0.0009980751124256458,-400,47.36378002166748
50,lower,gamma_only,active,0.003,-0.09008370210103851,0.9138546905122471,0.8744486457605397,0.1255513542394603,cold_verified,0.0,0.0,0.0029864747830824477,-400,24.48728108406067
50,lower,gamma_technology,active,0.003,-0.09412180275815424,0.910171894041789,0.8720977371481676,0.12790226285183237,cold_verified,0.05427863433931844,0.0,0.002996660382234393,-200,22.65690279006958
50,lower,gamma_participation,active,0.003,-0.09411455129596784,0.910178494142792,0.8721019531475342,0.12789804685246575,cold_verified,0.0,0.0738197806406841,0.0029985697441138608,-200,6.490171909332275
50,lower,full_joint,sqp,0.003,-0.09005457399164317,0.913881309759326,0.8744656266159554,0.1255343733840446,multistart:gamma_only_best,0.014775239961747011,0.01927069459916856,0.002994593436788256,-101,48.67347693443298
50,lower,gamma_only,active,0.01,-0.08727720782103554,0.9164230207902725,0.8760862673563506,0.12391373264364935,cold_verified,0.0,0.0,0.009874054316394501,-200,2.295038938522339
50,lower,gamma_technology,active,0.01,-0.09407319981870453,0.9102161321462863,0.8721259952816499,0.1278740047183501,cold_verified,0.09349867860773364,0.0,0.009993784123909126,-400,26.869066953659058
50,lower,gamma_participation,active,0.01,-0.09409883215167088,0.9101928014823266,0.872111092326383,0.12788890767361705,cold_verified,0.0,0.1004667593233938,0.009935225910486243,-200,2.0652689933776855
50,lower,full_joint,sqp,0.01,-0.08675445025559296,0.9169022130973256,0.876391641048223,0.12360835895177702,multistart:gamma_only_best,0.04459127809430812,0.07525651653903356,0.00996910881108663,-400,58.64107704162598
50,lower,gamma_only,active,0.03,-0.08397338898820758,0.9194557234166716,0.8780180141620834,0.12198198583791664,cold_verified,0.0,0.0,0.029968475966569156,-200,11.789620876312256
50,lower,gamma_technology,active,0.03,-0.0939626575960012,0.9103167550221098,0.872190268813931,0.12780973118606898,cold_verified,0.16790238678264946,0.0,0.029999154871332142,-410,26.118964910507202
50,lower,gamma_participation,active,0.03,-0.09408920336979353,0.9102015655724721,0.8721166905893383,0.12788330941066173,cold_verified,0.0,0.11737229217759863,0.028779291946356568,-200,1.9053750038146973
50,lower,full_joint,sqp,0.03,-0.0838875989733054,0.9195346069205454,0.8780682323838231,0.12193176761617686,multistart:gamma_only_best,0.04411766947530735,0.058879264391025865,0.02999509017942342,-200,47.49843692779541
50,lower,gamma_only,active,0.1,-0.08187596711320758,0.9213862338036959,0.8792465890348781,0.12075341096512193,cold_verified,0.0,0.0,0.08749504830870371,-200,2.6946020126342773
50,lower,gamma_technology,active,0.1,-0.09395649731073716,0.9103223628502742,0.8721938507818598,0.12780614921814015,cold_verified,0.17485372226843482,0.0,0.054452083802958,-200,3.125797986984253
50,lower,gamma_participation,active,0.1,-0.09408348982775189,0.91020676606224,0.872120012512583,0.12787998748741702,cold_verified,0.0,0.12765371914743048,0.09079162964569912,-200,1.92287278175354
50,lower,full_joint,sqp,0.1,-0.08186600083003662,0.9213954166455711,0.8792524309346077,0.1207475690653923,multistart:gamma_only_best,0.014853556151331288,0.020737528044960703,0.09580504709413828,-201,66.96147799491882
50,lower,gamma_only,active,0.3,-0.08110715193222476,0.9220948819025955,0.879697356627651,0.12030264337234897,cold_verified,0.0,0.0,0.27297201070515853,-200,1.7582590579986572
50,lower,gamma_technology,active,0.3,-0.09395581779423176,0.9103229814295553,0.8721942458953611,0.1278057541046389,cold_verified,0.17562310076089876,0.0,0.16206152362425635,-200,7.946907997131348
50,lower,gamma_participation,active,0.3,-0.094081370393224,0.9102086951879318,0.8721212447809648,0.12787875521903525,cold_verified,0.0,0.13131434885244062,0.21200505051572519,-200,2.0311920642852783
50,lower,full_joint,sqp,0.3,-0.08110217171302324,0.9220994741486672,0.8797002773562776,0.12029972264372235,multistart:gamma_only_best,0.007429464017163354,0.010368243878422374,0.2756077900066942,-200,45.56866097450256
50,lower,gamma_only,active,1.0,-0.08089667398760352,0.9222889829643638,0.8798208032160509,0.12017919678394906,cold_verified,0.0,0.0,0.8888536770741574,-200,1.89404296875
50,lower,gamma_technology,active,1.0,-0.09395569482069631,0.9103230933751976,0.8721943173999039,0.12780568260009606,cold_verified,0.17576238989007498,0.0,0.42590964887406785,-200,2.495630979537964
50,lower,gamma_participation,active,1.0,-0.09408057106921425,0.9102094227398866,0.8721217095193888,0.12787829048061117,cold_verified,0.0,0.13286337022944503,0.08355756366336076,-200,1.9440150260925293
50,lower,full_joint,sqp,1.0,-0.06771445222418017,0.9345272876697522,0.8875868732130064,0.11241312678699356,multistart:pareto,0.4399831635573874,0.5009031918332688,0.9996185822738524,-200,52.682700872421265
