config,nStatus,terminal_reason,wall,n_fc,n_ga,n_inner_solved,n_above_cap,n_numerical_failure,dg,dlogA,dlogf,Delta,incumbent_source,cold_verified_theta,seed,delta_budget,direction,restriction
D4_seed29_delta0.001_upper_gamma_only,-410,iter_limit_infeas,12.499892467,26,26,24,0,0,-0.0015478955109889322,0.0,0.0,0.00012136510873719073,cold_verified,"-0.043935205384319616;0.31642355610118106;0.32516837717513347;0.3216076828679026;0.3896989062465908;0.5116314303045052;0.497218971661081;0.4544544901603991;0.3622652368004989;0.4650435063680411;0.43289965011631926;0.39939638165492336;0.5016253275200426;0.5113746753211489;0.46367366270198707;0.4256136843709238;-0.4712226008500106;-0.280505542112967;-0.2395556782688834;-0.6475676586598301;-0.745350970876133;-0.667688771341332;-0.7664178299180029;-0.5361890155498814;-0.6383558564893839;-0.2497637519821987;-0.632191408246899;-0.7002463028418913;-0.11401527598798658;-0.5841600896113464",29,0.001,upper,gamma_only
D4_seed29_delta0.001_upper_gamma_technology,-400,iter_limit_feas,3.343355356,26,26,26,0,0,-0.0010109312597869277,0.00017602854336674656,0.0,5.335621946976843e-5,cold_verified,"-0.04339824113311761;0.31639015194232917;0.32513404984420213;0.32157373143186263;0.38965776656555995;0.5115774184673901;0.49716648131643604;0.4544065143707098;0.36222699323334573;0.4649944127185317;0.43285394982504644;0.39935421823213;0.5015723720058228;0.5113206905891089;0.46362471366394714;0.4255687532434899;-0.4712226008500106;-0.280505542112967;-0.2395556782688834;-0.6475676586598301;-0.745350970876133;-0.667688771341332;-0.7664178299180029;-0.5361890155498814;-0.6383558564893839;-0.2497637519821987;-0.632191408246899;-0.7002463028418913;-0.11401527598798658;-0.5841600896113464",29,0.001,upper,gamma_technology
D4_seed29_delta0.001_upper_gamma_participation,-400,iter_limit_feas,3.376755421,26,26,26,0,0,-0.0008417291168641428,0.0,0.00018370302187646544,3.7446497912762216e-5,cold_verified,"-0.043229038990194826;0.31642355610118106;0.32516837717513347;0.3216076828679026;0.3896989062465908;0.5116314303045052;0.497218971661081;0.4544544901603991;0.3622652368004989;0.4650435063680411;0.43289965011631926;0.39939638165492336;0.5016253275200426;0.5113746753211489;0.46367366270198707;0.4256136843709238;-0.47118118099543377;-0.2804808860401442;-0.23953462163590558;-0.647510738303714;-0.7452854554938769;-0.667630082365545;-0.7663504627861992;-0.5361418852318327;-0.638299745838714;-0.2497417980728;-0.632135839443223;-0.7001847521013721;-0.11400525419331366;-0.5841087426981939",29,0.001,upper,gamma_participation
D4_seed29_delta0.001_lower_gamma_only,-200,infeasible,1.651915654,13,13,9,8,0,0.0016140621017011955,0.0,0.0,0.00013544490925093474,cold_verified,"-0.04077324777162949;0.31642355610118106;0.32516837717513347;0.3216076828679026;0.3896989062465908;0.5116314303045052;0.497218971661081;0.4544544901603991;0.3622652368004989;0.4650435063680411;0.43289965011631926;0.39939638165492336;0.5016253275200426;0.5113746753211489;0.46367366270198707;0.4256136843709238;-0.4712226008500106;-0.280505542112967;-0.2395556782688834;-0.6475676586598301;-0.745350970876133;-0.667688771341332;-0.7664178299180029;-0.5361890155498814;-0.6383558564893839;-0.2497637519821987;-0.632191408246899;-0.7002463028418913;-0.11401527598798658;-0.5841600896113464",29,0.001,lower,gamma_only
D4_seed29_delta0.001_lower_gamma_technology,-400,iter_limit_feas,3.340744683,26,26,26,0,0,0.0010760541827488299,0.00017212992769945356,0.0,6.677491357733316e-5,cold_verified,"-0.041311255690581854;0.3163908917653974;0.3251348101133473;0.3215744833758255;0.38965867771213847;0.5115786147017642;0.4971676438533525;0.4544075769209176;0.3622278402378555;0.4649955000266891;0.4328549619783492;0.39935515205216593;0.5015735448451445;0.5113218862231698;0.46362579776930274;0.4255697483616339;-0.4712226008500106;-0.280505542112967;-0.2395556782688834;-0.6475676586598301;-0.745350970876133;-0.667688771341332;-0.7664178299180029;-0.5361890155498814;-0.6383558564893839;-0.2497637519821987;-0.632191408246899;-0.7002463028418913;-0.11401527598798658;-0.5841600896113464",29,0.001,lower,gamma_technology
D4_seed29_delta0.001_lower_gamma_participation,-400,iter_limit_feas,3.39108789,26,26,26,0,0,0.0009020388317641029,0.0,0.00018085476717146347,4.818236829632279e-5,cold_verified,"-0.04148527104156658;0.31642355610118106;0.32516837717513347;0.3216076828679026;0.3896989062465908;0.5116314303045052;0.497218971661081;0.4544544901603991;0.3622652368004989;0.4650435063680411;0.43289965011631926;0.39939638165492336;0.5016253275200426;0.5113746753211489;0.46367366270198707;0.4256136843709238;-0.4711818231966043;-0.28048126832441317;-0.2395349481120481;-0.6475116208350434;-0.745286471288249;-0.6676309923187386;-0.7663515072913367;-0.5361426159718541;-0.6383006158158278;-0.2497421384609172;-0.6321367010191781;-0.700185706425283;-0.11400540957793139;-0.5841095388151303",29,0.001,lower,gamma_participation
D4_seed29_delta0.01_upper_gamma_only,-400,iter_limit_feas,3.501643491,31,26,27,0,0,-0.016359027599071818,0.0,0.0,0.00999162674171909,cold_verified,"-0.0587463374724025;0.31642355610118106;0.32516837717513347;0.3216076828679026;0.3896989062465908;0.5116314303045052;0.497218971661081;0.4544544901603991;0.3622652368004989;0.4650435063680411;0.43289965011631926;0.39939638165492336;0.5016253275200426;0.5113746753211489;0.46367366270198707;0.4256136843709238;-0.4712226008500106;-0.280505542112967;-0.2395556782688834;-0.6475676586598301;-0.745350970876133;-0.667688771341332;-0.7664178299180029;-0.5361890155498814;-0.6383558564893839;-0.2497637519821987;-0.632191408246899;-0.7002463028418913;-0.11401527598798658;-0.5841600896113464",29,0.01,upper,gamma_only
D4_seed29_delta0.01_upper_gamma_technology,-400,iter_limit_feas,3.270320936,26,26,26,0,0,-0.0010109312597869277,0.00017602854336674656,0.0,5.335621946976843e-5,cold_verified,"-0.04339824113311761;0.31639015194232917;0.32513404984420213;0.32157373143186263;0.38965776656555995;0.5115774184673901;0.49716648131643604;0.4544065143707098;0.36222699323334573;0.4649944127185317;0.43285394982504644;0.39935421823213;0.5015723720058228;0.5113206905891089;0.46362471366394714;0.4255687532434899;-0.4712226008500106;-0.280505542112967;-0.2395556782688834;-0.6475676586598301;-0.745350970876133;-0.667688771341332;-0.7664178299180029;-0.5361890155498814;-0.6383558564893839;-0.2497637519821987;-0.632191408246899;-0.7002463028418913;-0.11401527598798658;-0.5841600896113464",29,0.01,upper,gamma_technology
D4_seed29_delta0.01_upper_gamma_participation,-400,iter_limit_feas,3.231857196,26,26,26,0,0,-0.0008417291168641428,0.0,0.00018370302187646544,3.7446497912762216e-5,cold_verified,"-0.043229038990194826;0.31642355610118106;0.32516837717513347;0.3216076828679026;0.3896989062465908;0.5116314303045052;0.497218971661081;0.4544544901603991;0.3622652368004989;0.4650435063680411;0.43289965011631926;0.39939638165492336;0.5016253275200426;0.5113746753211489;0.46367366270198707;0.4256136843709238;-0.47118118099543377;-0.2804808860401442;-0.23953462163590558;-0.647510738303714;-0.7452854554938769;-0.667630082365545;-0.7663504627861992;-0.5361418852318327;-0.638299745838714;-0.2497417980728;-0.632135839443223;-0.7001847521013721;-0.11400525419331366;-0.5841087426981939",29,0.01,upper,gamma_participation
D4_seed29_delta0.01_lower_gamma_only,-200,infeasible,1.598201082,13,13,9,8,0,0.006514062101701197,0.0,0.0,0.002449828562662843,cold_verified,"-0.035873247771629486;0.31642355610118106;0.32516837717513347;0.3216076828679026;0.3896989062465908;0.5116314303045052;0.497218971661081;0.4544544901603991;0.3622652368004989;0.4650435063680411;0.43289965011631926;0.39939638165492336;0.5016253275200426;0.5113746753211489;0.46367366270198707;0.4256136843709238;-0.4712226008500106;-0.280505542112967;-0.2395556782688834;-0.6475676586598301;-0.745350970876133;-0.667688771341332;-0.7664178299180029;-0.5361890155498814;-0.6383558564893839;-0.2497637519821987;-0.632191408246899;-0.7002463028418913;-0.11401527598798658;-0.5841600896113464",29,0.01,lower,gamma_only
D4_seed29_delta0.01_lower_gamma_technology,-400,iter_limit_feas,3.383135497,26,26,26,0,0,0.0010760541827488299,0.00017212992769945356,0.0,6.677491357733316e-5,cold_verified,"-0.041311255690581854;0.3163908917653974;0.3251348101133473;0.3215744833758255;0.38965867771213847;0.5115786147017642;0.4971676438533525;0.4544075769209176;0.3622278402378555;0.4649955000266891;0.4328549619783492;0.39935515205216593;0.5015735448451445;0.5113218862231698;0.46362579776930274;0.4255697483616339;-0.4712226008500106;-0.280505542112967;-0.2395556782688834;-0.6475676586598301;-0.745350970876133;-0.667688771341332;-0.7664178299180029;-0.5361890155498814;-0.6383558564893839;-0.2497637519821987;-0.632191408246899;-0.7002463028418913;-0.11401527598798658;-0.5841600896113464",29,0.01,lower,gamma_technology
D4_seed29_delta0.01_lower_gamma_participation,-400,iter_limit_feas,3.3389688,26,26,26,0,0,0.0009020388317641029,0.0,0.00018085476717146347,4.818236829632279e-5,cold_verified,"-0.04148527104156658;0.31642355610118106;0.32516837717513347;0.3216076828679026;0.3896989062465908;0.5116314303045052;0.497218971661081;0.4544544901603991;0.3622652368004989;0.4650435063680411;0.43289965011631926;0.39939638165492336;0.5016253275200426;0.5113746753211489;0.46367366270198707;0.4256136843709238;-0.4711818231966043;-0.28048126832441317;-0.2395349481120481;-0.6475116208350434;-0.745286471288249;-0.6676309923187386;-0.7663515072913367;-0.5361426159718541;-0.6383006158158278;-0.2497421384609172;-0.6321367010191781;-0.700185706425283;-0.11400540957793139;-0.5841095388151303",29,0.01,lower,gamma_participation
D4_seed29_delta1.0_upper_gamma_only,0,optimal,1.578786479,11,11,11,0,0,-0.10000000000000002,0.0,0.0,0.35895443386016584,cold_verified,"-0.1423873098733307;0.31642355610118106;0.32516837717513347;0.3216076828679026;0.3896989062465908;0.5116314303045052;0.497218971661081;0.4544544901603991;0.3622652368004989;0.4650435063680411;0.43289965011631926;0.39939638165492336;0.5016253275200426;0.5113746753211489;0.46367366270198707;0.4256136843709238;-0.4712226008500106;-0.280505542112967;-0.2395556782688834;-0.6475676586598301;-0.745350970876133;-0.667688771341332;-0.7664178299180029;-0.5361890155498814;-0.6383558564893839;-0.2497637519821987;-0.632191408246899;-0.7002463028418913;-0.11401527598798658;-0.5841600896113464",29,1.0,upper,gamma_only
D4_seed29_delta1.0_upper_gamma_technology,-400,iter_limit_feas,3.312323689,26,26,26,0,0,-0.0010109312597869277,0.00017602854336674656,0.0,5.335621946976843e-5,cold_verified,"-0.04339824113311761;0.31639015194232917;0.32513404984420213;0.32157373143186263;0.38965776656555995;0.5115774184673901;0.49716648131643604;0.4544065143707098;0.36222699323334573;0.4649944127185317;0.43285394982504644;0.39935421823213;0.5015723720058228;0.5113206905891089;0.46362471366394714;0.4255687532434899;-0.4712226008500106;-0.280505542112967;-0.2395556782688834;-0.6475676586598301;-0.745350970876133;-0.667688771341332;-0.7664178299180029;-0.5361890155498814;-0.6383558564893839;-0.2497637519821987;-0.632191408246899;-0.7002463028418913;-0.11401527598798658;-0.5841600896113464",29,1.0,upper,gamma_technology
D4_seed29_delta1.0_upper_gamma_participation,-400,iter_limit_feas,3.292047616,26,26,26,0,0,-0.0008417291168641358,0.0,0.00018370302187646544,3.7446497912762216e-5,cold_verified,"-0.04322903899019482;0.31642355610118106;0.32516837717513347;0.3216076828679026;0.3896989062465908;0.5116314303045052;0.497218971661081;0.4544544901603991;0.3622652368004989;0.4650435063680411;0.43289965011631926;0.39939638165492336;0.5016253275200426;0.5113746753211489;0.46367366270198707;0.4256136843709238;-0.47118118099543377;-0.2804808860401442;-0.23953462163590558;-0.647510738303714;-0.7452854554938769;-0.667630082365545;-0.7663504627861992;-0.5361418852318327;-0.638299745838714;-0.2497417980728;-0.632135839443223;-0.7001847521013721;-0.11400525419331366;-0.5841087426981939",29,1.0,upper,gamma_participation
D4_seed29_delta1.0_lower_gamma_only,-200,infeasible,1.578762608,13,13,9,8,0,0.006514062101701197,0.0,0.0,0.002449828562662843,cold_verified,"-0.035873247771629486;0.31642355610118106;0.32516837717513347;0.3216076828679026;0.3896989062465908;0.5116314303045052;0.497218971661081;0.4544544901603991;0.3622652368004989;0.4650435063680411;0.43289965011631926;0.39939638165492336;0.5016253275200426;0.5113746753211489;0.46367366270198707;0.4256136843709238;-0.4712226008500106;-0.280505542112967;-0.2395556782688834;-0.6475676586598301;-0.745350970876133;-0.667688771341332;-0.7664178299180029;-0.5361890155498814;-0.6383558564893839;-0.2497637519821987;-0.632191408246899;-0.7002463028418913;-0.11401527598798658;-0.5841600896113464",29,1.0,lower,gamma_only
D4_seed29_delta1.0_lower_gamma_technology,-400,iter_limit_feas,3.394747732,26,26,26,0,0,0.0010760541827488299,0.00017212992769945356,0.0,6.677491357733316e-5,cold_verified,"-0.041311255690581854;0.3163908917653974;0.3251348101133473;0.3215744833758255;0.38965867771213847;0.5115786147017642;0.4971676438533525;0.4544075769209176;0.3622278402378555;0.4649955000266891;0.4328549619783492;0.39935515205216593;0.5015735448451445;0.5113218862231698;0.46362579776930274;0.4255697483616339;-0.4712226008500106;-0.280505542112967;-0.2395556782688834;-0.6475676586598301;-0.745350970876133;-0.667688771341332;-0.7664178299180029;-0.5361890155498814;-0.6383558564893839;-0.2497637519821987;-0.632191408246899;-0.7002463028418913;-0.11401527598798658;-0.5841600896113464",29,1.0,lower,gamma_technology
D4_seed29_delta1.0_lower_gamma_participation,-400,iter_limit_feas,3.371104657,26,26,26,0,0,0.0009020388317641029,0.0,0.00018085476717146347,4.818236829632279e-5,cold_verified,"-0.04148527104156658;0.31642355610118106;0.32516837717513347;0.3216076828679026;0.3896989062465908;0.5116314303045052;0.497218971661081;0.4544544901603991;0.3622652368004989;0.4650435063680411;0.43289965011631926;0.39939638165492336;0.5016253275200426;0.5113746753211489;0.46367366270198707;0.4256136843709238;-0.4711818231966043;-0.28048126832441317;-0.2395349481120481;-0.6475116208350434;-0.745286471288249;-0.6676309923187386;-0.7663515072913367;-0.5361426159718541;-0.6383006158158278;-0.2497421384609172;-0.6321367010191781;-0.700185706425283;-0.11400540957793139;-0.5841095388151303",29,1.0,lower,gamma_participation
D4_seed49_delta0.001_upper_gamma_only,-200,infeasible,2.708567655,14,14,10,8,0,-0.0015345660641828823,0.0,0.0,0.00017499861164342815,cold_verified,"-0.06098902933834289;0.30504545383365417;0.35462117721390396;0.3587528499852358;0.4831323173309102;0.4690047982988407;0.4761913566846612;0.4304188575459006;0.4639331004124166;0.5139550472176866;0.4277309466974968;0.44599481907024546;0.6490589280155593;0.4616100137664668;0.5811269110277726;0.5504335277767987;-0.6866842900403047;-0.7736662756395609;-0.31441944448969633;-0.5314428296706433;-0.4041340419167686;-0.6498119948678365;-0.6947685687823564;-0.3017041362865982;-0.517027297429466;-0.5546960141122886;-0.37691753314050125;-0.811882225167067;-0.3341582203022017;-0.47322908678284265",49,0.001,upper,gamma_only
D4_seed49_delta0.001_upper_gamma_technology,-400,iter_limit_feas,6.360924635,26,26,26,0,0,-0.000922668357431114,0.0001795299604252161,0.0,5.476625664018591e-5,cold_verified,"-0.06037713163159112;0.30501552909563345;0.35458638913333645;0.35871765659056276;0.4830849224006014;0.4689587892679138;0.47614464265756323;0.43037663376780666;0.463887588911378;0.5139046285999065;0.4276889866015098;0.44595106730161055;0.6489952558049534;0.46156473015854516;0.5810699028988175;0.5503795306465038;-0.6866842900403047;-0.7736662756395609;-0.31441944448969633;-0.5314428296706433;-0.4041340419167686;-0.6498119948678365;-0.6947685687823564;-0.3017041362865982;-0.517027297429466;-0.5546960141122886;-0.37691753314050125;-0.811882225167067;-0.3341582203022017;-0.47322908678284265",49,0.001,upper,gamma_technology
D4_seed49_delta0.001_upper_gamma_participation,-400,iter_limit_feas,6.293078046,26,26,26,0,0,-0.0008328111778054814,0.0,0.00018409227009057416,4.30314151493064e-5,cold_verified,"-0.06028727445196549;0.30504545383365417;0.35462117721390396;0.3587528499852358;0.4831323173309102;0.4690047982988407;0.4761913566846612;0.4304188575459006;0.4639331004124166;0.5139550472176866;0.4277309466974968;0.44599481907024546;0.6490589280155593;0.4616100137664668;0.5811269110277726;0.5504335277767987;-0.6866234872051374;-0.7735977709370149;-0.3143916040484135;-0.5313957727752956;-0.4040982576475017;-0.6497544569101654;-0.6947070501203164;-0.30167742172921863;-0.5169815169652867;-0.554646898251036;-0.37688415877185527;-0.8118103366124166;-0.3341286320802436;-0.4731871844551247",49,0.001,upper,gamma_participation
D4_seed49_delta0.001_lower_gamma_only,-200,infeasible,2.495906126,13,13,9,8,0,0.0016273744813538465,0.0,0.0,0.0002496181738472215,cold_verified,"-0.05782708879280616;0.30504545383365417;0.35462117721390396;0.3587528499852358;0.4831323173309102;0.4690047982988407;0.4761913566846612;0.4304188575459006;0.4639331004124166;0.5139550472176866;0.4277309466974968;0.44599481907024546;0.6490589280155593;0.4616100137664668;0.5811269110277726;0.5504335277767987;-0.6866842900403047;-0.7736662756395609;-0.31441944448969633;-0.5314428296706433;-0.4041340419167686;-0.6498119948678365;-0.6947685687823564;-0.3017041362865982;-0.517027297429466;-0.5546960141122886;-0.37691753314050125;-0.811882225167067;-0.3341582203022017;-0.47322908678284265",49,0.001,lower,gamma_only
D4_seed49_delta0.001_lower_gamma_technology,-400,iter_limit_feas,6.295111962,26,26,26,0,0,0.001011559374777718,0.0001747351268233766,0.0,0.00010966757125993212,cold_verified,"-0.05844290389938229;0.3050163283167721;0.35458731824320344;0.3587185965254402;0.48308618821051896;0.4689600180636365;0.47614589028211723;0.4303777614681054;0.4638888044192182;0.5139059751655835;0.427690107259464;0.4459522358110331;0.6489969563437058;0.46156593957988273;0.581071425455229;0.5503809727860448;-0.6866842900403047;-0.7736662756395609;-0.31441944448969633;-0.5314428296706433;-0.4041340419167686;-0.6498119948678365;-0.6947685687823564;-0.3017041362865982;-0.517027297429466;-0.5546960141122886;-0.37691753314050125;-0.811882225167067;-0.3341582203022017;-0.47322908678284265",49,0.001,lower,gamma_technology
D4_seed49_delta0.001_lower_gamma_participation,-400,iter_limit_feas,6.14640115,26,26,26,0,0,0.0009175950637246577,0.0,0.00018006844249227486,9.918120904540009e-5,cold_verified,"-0.05853686821043535;0.30504545383365417;0.35462117721390396;0.3587528499852358;0.4831323173309102;0.4690047982988407;0.4761913566846612;0.4304188575459006;0.4639331004124166;0.5139550472176866;0.4277309466974968;0.44599481907024546;0.6490589280155593;0.4616100137664668;0.5811269110277726;0.5504335277767987;-0.6866248162132814;-0.7735992682900139;-0.31439221257551747;-0.5313968013292598;-0.4040990398081551;-0.6497557145557032;-0.6947083947747661;-0.30167800564712677;-0.5169825176194431;-0.554647971809192;-0.3768848882577026;-0.8118119079285293;-0.3341292788097562;-0.47318810034226444",49,0.001,lower,gamma_participation
D4_seed49_delta0.01_upper_gamma_only,-200,infeasible,2.39624109,14,14,10,8,0,-0.006434566064182877,0.0,0.0,0.0025793669040807634,cold_verified,"-0.06588902933834288;0.30504545383365417;0.35462117721390396;0.3587528499852358;0.4831323173309102;0.4690047982988407;0.4761913566846612;0.4304188575459006;0.4639331004124166;0.5139550472176866;0.4277309466974968;0.44599481907024546;0.6490589280155593;0.4616100137664668;0.5811269110277726;0.5504335277767987;-0.6866842900403047;-0.7736662756395609;-0.31441944448969633;-0.5314428296706433;-0.4041340419167686;-0.6498119948678365;-0.6947685687823564;-0.3017041362865982;-0.517027297429466;-0.5546960141122886;-0.37691753314050125;-0.811882225167067;-0.3341582203022017;-0.47322908678284265",49,0.01,upper,gamma_only
D4_seed49_delta0.01_upper_gamma_technology,-400,iter_limit_feas,5.807645055,26,26,26,0,0,-0.000922668357431114,0.0001795299604252161,0.0,5.476625664018591e-5,cold_verified,"-0.06037713163159112;0.30501552909563345;0.35458638913333645;0.35871765659056276;0.4830849224006014;0.4689587892679138;0.47614464265756323;0.43037663376780666;0.463887588911378;0.5139046285999065;0.4276889866015098;0.44595106730161055;0.6489952558049534;0.46156473015854516;0.5810699028988175;0.5503795306465038;-0.6866842900403047;-0.7736662756395609;-0.31441944448969633;-0.5314428296706433;-0.4041340419167686;-0.6498119948678365;-0.6947685687823564;-0.3017041362865982;-0.517027297429466;-0.5546960141122886;-0.37691753314050125;-0.811882225167067;-0.3341582203022017;-0.47322908678284265",49,0.01,upper,gamma_technology
D4_seed49_delta0.01_upper_gamma_participation,-400,iter_limit_feas,5.623813387,26,26,26,0,0,-0.0008328111778054814,0.0,0.00018409227009057416,4.30314151493064e-5,cold_verified,"-0.06028727445196549;0.30504545383365417;0.35462117721390396;0.3587528499852358;0.4831323173309102;0.4690047982988407;0.4761913566846612;0.4304188575459006;0.4639331004124166;0.5139550472176866;0.4277309466974968;0.44599481907024546;0.6490589280155593;0.4616100137664668;0.5811269110277726;0.5504335277767987;-0.6866234872051374;-0.7735977709370149;-0.3143916040484135;-0.5313957727752956;-0.4040982576475017;-0.6497544569101654;-0.6947070501203164;-0.30167742172921863;-0.5169815169652867;-0.554646898251036;-0.37688415877185527;-0.8118103366124166;-0.3341286320802436;-0.4731871844551247",49,0.01,upper,gamma_participation
D4_seed49_delta0.01_lower_gamma_only,-200,infeasible,2.504693141,12,12,9,6,0,0.006527374481353848,0.0,0.0,0.007016271097700061,cold_verified,"-0.05292708879280616;0.30504545383365417;0.35462117721390396;0.3587528499852358;0.4831323173309102;0.4690047982988407;0.4761913566846612;0.4304188575459006;0.4639331004124166;0.5139550472176866;0.4277309466974968;0.44599481907024546;0.6490589280155593;0.4616100137664668;0.5811269110277726;0.5504335277767987;-0.6866842900403047;-0.7736662756395609;-0.31441944448969633;-0.5314428296706433;-0.4041340419167686;-0.6498119948678365;-0.6947685687823564;-0.3017041362865982;-0.517027297429466;-0.5546960141122886;-0.37691753314050125;-0.811882225167067;-0.3341582203022017;-0.47322908678284265",49,0.01,lower,gamma_only
D4_seed49_delta0.01_lower_gamma_technology,-400,iter_limit_feas,6.487884357,26,26,26,0,0,0.001011559374777718,0.0001747351268233766,0.0,0.00010966757125993212,cold_verified,"-0.05844290389938229;0.3050163283167721;0.35458731824320344;0.3587185965254402;0.48308618821051896;0.4689600180636365;0.47614589028211723;0.4303777614681054;0.4638888044192182;0.5139059751655835;0.427690107259464;0.4459522358110331;0.6489969563437058;0.46156593957988273;0.581071425455229;0.5503809727860448;-0.6866842900403047;-0.7736662756395609;-0.31441944448969633;-0.5314428296706433;-0.4041340419167686;-0.6498119948678365;-0.6947685687823564;-0.3017041362865982;-0.517027297429466;-0.5546960141122886;-0.37691753314050125;-0.811882225167067;-0.3341582203022017;-0.47322908678284265",49,0.01,lower,gamma_technology
D4_seed49_delta0.01_lower_gamma_participation,-400,iter_limit_feas,6.531804079,26,26,26,0,0,0.0009175950637246577,0.0,0.00018006844249227486,9.918120904540009e-5,cold_verified,"-0.05853686821043535;0.30504545383365417;0.35462117721390396;0.3587528499852358;0.4831323173309102;0.4690047982988407;0.4761913566846612;0.4304188575459006;0.4639331004124166;0.5139550472176866;0.4277309466974968;0.44599481907024546;0.6490589280155593;0.4616100137664668;0.5811269110277726;0.5504335277767987;-0.6866248162132814;-0.7735992682900139;-0.31439221257551747;-0.5313968013292598;-0.4040990398081551;-0.6497557145557032;-0.6947083947747661;-0.30167800564712677;-0.5169825176194431;-0.554647971809192;-0.3768848882577026;-0.8118119079285293;-0.3341292788097562;-0.47318810034226444",49,0.01,lower,gamma_participation
D4_seed49_delta1.0_upper_gamma_only,-200,infeasible,2.733911223,14,14,10,8,0,-0.04073456606418289,0.0,0.0,0.06380476077844653,cold_verified,"-0.1001890293383429;0.30504545383365417;0.35462117721390396;0.3587528499852358;0.4831323173309102;0.4690047982988407;0.4761913566846612;0.4304188575459006;0.4639331004124166;0.5139550472176866;0.4277309466974968;0.44599481907024546;0.6490589280155593;0.4616100137664668;0.5811269110277726;0.5504335277767987;-0.6866842900403047;-0.7736662756395609;-0.31441944448969633;-0.5314428296706433;-0.4041340419167686;-0.6498119948678365;-0.6947685687823564;-0.3017041362865982;-0.517027297429466;-0.5546960141122886;-0.37691753314050125;-0.811882225167067;-0.3341582203022017;-0.47322908678284265",49,1.0,upper,gamma_only
D4_seed49_delta1.0_upper_gamma_technology,-400,iter_limit_feas,6.359807651,26,26,26,0,0,-0.000922668357431114,0.0001795299604252161,0.0,5.476625664018591e-5,cold_verified,"-0.06037713163159112;0.30501552909563345;0.35458638913333645;0.35871765659056276;0.4830849224006014;0.4689587892679138;0.47614464265756323;0.43037663376780666;0.463887588911378;0.5139046285999065;0.4276889866015098;0.44595106730161055;0.6489952558049534;0.46156473015854516;0.5810699028988175;0.5503795306465038;-0.6866842900403047;-0.7736662756395609;-0.31441944448969633;-0.5314428296706433;-0.4041340419167686;-0.6498119948678365;-0.6947685687823564;-0.3017041362865982;-0.517027297429466;-0.5546960141122886;-0.37691753314050125;-0.811882225167067;-0.3341582203022017;-0.47322908678284265",49,1.0,upper,gamma_technology
D4_seed49_delta1.0_upper_gamma_participation,-400,iter_limit_feas,6.438130644,26,26,26,0,0,-0.0008328111778054814,0.0,0.00018409227009057416,4.30314151493064e-5,cold_verified,"-0.06028727445196549;0.30504545383365417;0.35462117721390396;0.3587528499852358;0.4831323173309102;0.4690047982988407;0.4761913566846612;0.4304188575459006;0.4639331004124166;0.5139550472176866;0.4277309466974968;0.44599481907024546;0.6490589280155593;0.4616100137664668;0.5811269110277726;0.5504335277767987;-0.6866234872051374;-0.7735977709370149;-0.3143916040484135;-0.5313957727752956;-0.4040982576475017;-0.6497544569101654;-0.6947070501203164;-0.30167742172921863;-0.5169815169652867;-0.554646898251036;-0.37688415877185527;-0.8118103366124166;-0.3341286320802436;-0.4731871844551247",49,1.0,upper,gamma_participation
D4_seed49_delta1.0_lower_gamma_only,-200,infeasible,2.536280107,13,13,9,8,0,0.006527374481353848,0.0,0.0,0.007016271097700061,cold_verified,"-0.05292708879280616;0.30504545383365417;0.35462117721390396;0.3587528499852358;0.4831323173309102;0.4690047982988407;0.4761913566846612;0.4304188575459006;0.4639331004124166;0.5139550472176866;0.4277309466974968;0.44599481907024546;0.6490589280155593;0.4616100137664668;0.5811269110277726;0.5504335277767987;-0.6866842900403047;-0.7736662756395609;-0.31441944448969633;-0.5314428296706433;-0.4041340419167686;-0.6498119948678365;-0.6947685687823564;-0.3017041362865982;-0.517027297429466;-0.5546960141122886;-0.37691753314050125;-0.811882225167067;-0.3341582203022017;-0.47322908678284265",49,1.0,lower,gamma_only
D4_seed49_delta1.0_lower_gamma_technology,-400,iter_limit_feas,6.353915391,26,26,26,0,0,0.001011559374777718,0.0001747351268233766,0.0,0.00010966757125993212,cold_verified,"-0.05844290389938229;0.3050163283167721;0.35458731824320344;0.3587185965254402;0.48308618821051896;0.4689600180636365;0.47614589028211723;0.4303777614681054;0.4638888044192182;0.5139059751655835;0.427690107259464;0.4459522358110331;0.6489969563437058;0.46156593957988273;0.581071425455229;0.5503809727860448;-0.6866842900403047;-0.7736662756395609;-0.31441944448969633;-0.5314428296706433;-0.4041340419167686;-0.6498119948678365;-0.6947685687823564;-0.3017041362865982;-0.517027297429466;-0.5546960141122886;-0.37691753314050125;-0.811882225167067;-0.3341582203022017;-0.47322908678284265",49,1.0,lower,gamma_technology
D4_seed49_delta1.0_lower_gamma_participation,-400,iter_limit_feas,6.548074265,26,26,26,0,0,0.0009175950637246577,0.0,0.00018006844249227486,9.918120904540009e-5,cold_verified,"-0.05853686821043535;0.30504545383365417;0.35462117721390396;0.3587528499852358;0.4831323173309102;0.4690047982988407;0.4761913566846612;0.4304188575459006;0.4639331004124166;0.5139550472176866;0.4277309466974968;0.44599481907024546;0.6490589280155593;0.4616100137664668;0.5811269110277726;0.5504335277767987;-0.6866248162132814;-0.7735992682900139;-0.31439221257551747;-0.5313968013292598;-0.4040990398081551;-0.6497557145557032;-0.6947083947747661;-0.30167800564712677;-0.5169825176194431;-0.554647971809192;-0.3768848882577026;-0.8118119079285293;-0.3341292788097562;-0.47318810034226444",49,1.0,lower,gamma_participation
D4_seed50_delta0.001_upper_gamma_only,-200,infeasible,2.976999775,14,14,10,8,0,-0.0015074354104999826,0.0,0.0,0.00031642187247866836,cold_verified,"-0.09570025167171983;0.281886551842454;0.2859164287548128;0.34642897851019777;0.34247369147574136;0.4889974833859312;0.45990417340776735;0.4648152061782512;0.5468559808205979;0.38057378702087485;0.4372831494053814;0.29490835667873216;0.4683054621031343;0.41169436916541957;0.4130027723380463;0.49591468264990946;-0.6295716793779732;-0.8021104221142519;-0.9016561917026922;-0.5476756095212755;-0.5255009588565196;-0.41896218744676056;-0.9868624633794862;-0.5647834455858332;-0.5115846353734453;-0.3598265556051955;-0.526461962876393;-0.5799662327119787;-0.6167923356628762;-0.528773746609787",50,0.001,upper,gamma_only
D4_seed50_delta0.001_upper_gamma_technology,-400,iter_limit_feas,6.390137534,26,26,26,0,0,-0.0009952385706205186,0.00017691186633982738,0.0,0.0001219097844602212,cold_verified,"-0.09518805483184037;0.2818555800888657;0.2858850142260942;0.3463909152791279;0.34243606282437955;0.488943755709099;0.45985364230353437;0.4647641354835488;0.5467958960504109;0.38053197219332546;0.4372351037435249;0.29487595417888074;0.46825400792314054;0.4116491350225626;0.4129573944368568;0.49586019495884553;-0.6295716793779732;-0.8021104221142519;-0.9016561917026922;-0.5476756095212755;-0.5255009588565196;-0.41896218744676056;-0.9868624633794862;-0.5647834455858332;-0.5115846353734453;-0.3598265556051955;-0.526461962876393;-0.5799662327119787;-0.6167923356628762;-0.528773746609787",50,0.001,upper,gamma_technology
D4_seed50_delta0.001_upper_gamma_participation,-400,iter_limit_feas,6.235051535,26,26,26,0,0,-0.0007235464965444638,0.0,0.0001883846671162945,6.06402578976274e-5,cold_verified,"-0.09491636275776431;0.281886551842454;0.2859164287548128;0.34642897851019777;0.34247369147574136;0.4889974833859312;0.45990417340776735;0.4648152061782512;0.5468559808205979;0.38057378702087485;0.4372831494053814;0.29490835667873216;0.4683054621031343;0.41169436916541957;0.4130027723380463;0.49591468264990946;-0.6295213900458598;-0.8020463506213137;-0.9015841686286532;-0.5476318619361794;-0.525458982552452;-0.4189287213152975;-0.9867836341439968;-0.5647383314499888;-0.5115437706864285;-0.35979781314782205;-0.5264199098086274;-0.579919905795685;-0.6167430671274112;-0.5287315088798714",50,0.001,upper,gamma_participation
D4_seed50_delta0.001_lower_gamma_only,-200,infeasible,2.586882198,13,13,9,8,0,0.0016544703966837465,0.0,0.0,0.0004369607492877053,cold_verified,"-0.0925383458645361;0.281886551842454;0.2859164287548128;0.34642897851019777;0.34247369147574136;0.4889974833859312;0.45990417340776735;0.4648152061782512;0.5468559808205979;0.38057378702087485;0.4372831494053814;0.29490835667873216;0.4683054621031343;0.41169436916541957;0.4130027723380463;0.49591468264990946;-0.6295716793779732;-0.8021104221142519;-0.9016561917026922;-0.5476756095212755;-0.5255009588565196;-0.41896218744676056;-0.9868624633794862;-0.5647834455858332;-0.5115846353734453;-0.3598265556051955;-0.526461962876393;-0.5799662327119787;-0.6167923356628762;-0.528773746609787",50,0.001,lower,gamma_only
D4_seed50_delta0.001_lower_gamma_technology,-400,iter_limit_feas,6.4265354,26,26,26,0,0,0.0011499481207564721,0.00016921930796715757,0.0,0.0002277112652016354,cold_verified,"-0.09304286814046338;0.28185692681606556;0.285886380206234;0.34639257036102217;0.34243769900969073;0.48894609191920635;0.4598558395188879;0.4647663561616088;0.5467985086824041;0.38053379040376223;0.4372371928857969;0.2948773631184091;0.468256245276074;0.41165110191314813;0.41295936757840435;0.4958625642162208;-0.6295716793779732;-0.8021104221142519;-0.9016561917026922;-0.5476756095212755;-0.5255009588565196;-0.41896218744676056;-0.9868624633794862;-0.5647834455858332;-0.5115846353734453;-0.3598265556051955;-0.526461962876393;-0.5799662327119787;-0.6167923356628762;-0.528773746609787",50,0.001,lower,gamma_technology
D4_seed50_delta0.001_lower_gamma_participation,-400,iter_limit_feas,6.363999211,26,26,26,0,0,0.0008515817151150684,0.0,0.00018354701939020835,0.00015098865035541794,cold_verified,"-0.09334123454610478;0.281886551842454;0.2859164287548128;0.34642897851019777;0.34247369147574136;0.4889974833859312;0.45990417340776735;0.4648152061782512;0.5468559808205979;0.38057378702087485;0.4372831494053814;0.29490835667873216;0.4683054621031343;0.41169436916541957;0.4130027723380463;0.49591468264990946;-0.6295226814570817;-0.8020479959532659;-0.9015860181542313;-0.5476329853577869;-0.5254600604882259;-0.4189295807130248;-0.9867856584492529;-0.5647394899641079;-0.5115448200762927;-0.35979855124336707;-0.5264209897156643;-0.579921095453552;-0.6167443323249573;-0.5287325935289631",50,0.001,lower,gamma_participation
D4_seed50_delta0.01_upper_gamma_only,-410,iter_limit_infeas,6.46943899,26,26,26,0,0,-0.006407435410499984,0.0,0.0,0.005092386641142237,cold_verified,"-0.10060025167171983;0.281886551842454;0.2859164287548128;0.34642897851019777;0.34247369147574136;0.4889974833859312;0.45990417340776735;0.4648152061782512;0.5468559808205979;0.38057378702087485;0.4372831494053814;0.29490835667873216;0.4683054621031343;0.41169436916541957;0.4130027723380463;0.49591468264990946;-0.6295716793779732;-0.8021104221142519;-0.9016561917026922;-0.5476756095212755;-0.5255009588565196;-0.41896218744676056;-0.9868624633794862;-0.5647834455858332;-0.5115846353734453;-0.3598265556051955;-0.526461962876393;-0.5799662327119787;-0.6167923356628762;-0.528773746609787",50,0.01,upper,gamma_only
D4_seed50_delta0.01_upper_gamma_technology,-400,iter_limit_feas,6.232984375,26,26,26,0,0,-0.0009952385706205186,0.00017691186633982738,0.0,0.0001219097844602212,cold_verified,"-0.09518805483184037;0.2818555800888657;0.2858850142260942;0.3463909152791279;0.34243606282437955;0.488943755709099;0.45985364230353437;0.4647641354835488;0.5467958960504109;0.38053197219332546;0.4372351037435249;0.29487595417888074;0.46825400792314054;0.4116491350225626;0.4129573944368568;0.49586019495884553;-0.6295716793779732;-0.8021104221142519;-0.9016561917026922;-0.5476756095212755;-0.5255009588565196;-0.41896218744676056;-0.9868624633794862;-0.5647834455858332;-0.5115846353734453;-0.3598265556051955;-0.526461962876393;-0.5799662327119787;-0.6167923356628762;-0.528773746609787",50,0.01,upper,gamma_technology
D4_seed50_delta0.01_upper_gamma_participation,-400,iter_limit_feas,6.243061607,26,26,26,0,0,-0.0007235464965444638,0.0,0.0001883846671162945,6.06402578976274e-5,cold_verified,"-0.09491636275776431;0.281886551842454;0.2859164287548128;0.34642897851019777;0.34247369147574136;0.4889974833859312;0.45990417340776735;0.4648152061782512;0.5468559808205979;0.38057378702087485;0.4372831494053814;0.29490835667873216;0.4683054621031343;0.41169436916541957;0.4130027723380463;0.49591468264990946;-0.6295213900458598;-0.8020463506213137;-0.9015841686286532;-0.5476318619361794;-0.525458982552452;-0.4189287213152975;-0.9867836341439968;-0.5647383314499888;-0.5115437706864285;-0.35979781314782205;-0.5264199098086274;-0.579919905795685;-0.6167430671274112;-0.5287315088798714",50,0.01,upper,gamma_participation
D4_seed50_delta0.01_lower_gamma_only,-200,infeasible,2.49831276,12,12,9,6,0,0.006554470396683762,0.0,0.0,0.008632945926138837,cold_verified,"-0.08763834586453609;0.281886551842454;0.2859164287548128;0.34642897851019777;0.34247369147574136;0.4889974833859312;0.45990417340776735;0.4648152061782512;0.5468559808205979;0.38057378702087485;0.4372831494053814;0.29490835667873216;0.4683054621031343;0.41169436916541957;0.4130027723380463;0.49591468264990946;-0.6295716793779732;-0.8021104221142519;-0.9016561917026922;-0.5476756095212755;-0.5255009588565196;-0.41896218744676056;-0.9868624633794862;-0.5647834455858332;-0.5115846353734453;-0.3598265556051955;-0.526461962876393;-0.5799662327119787;-0.6167923356628762;-0.528773746609787",50,0.01,lower,gamma_only
D4_seed50_delta0.01_lower_gamma_technology,-400,iter_limit_feas,6.370501465,26,26,26,0,0,0.0011499481207564721,0.00016921930796715757,0.0,0.0002277112652016354,cold_verified,"-0.09304286814046338;0.28185692681606556;0.285886380206234;0.34639257036102217;0.34243769900969073;0.48894609191920635;0.4598558395188879;0.4647663561616088;0.5467985086824041;0.38053379040376223;0.4372371928857969;0.2948773631184091;0.468256245276074;0.41165110191314813;0.41295936757840435;0.4958625642162208;-0.6295716793779732;-0.8021104221142519;-0.9016561917026922;-0.5476756095212755;-0.5255009588565196;-0.41896218744676056;-0.9868624633794862;-0.5647834455858332;-0.5115846353734453;-0.3598265556051955;-0.526461962876393;-0.5799662327119787;-0.6167923356628762;-0.528773746609787",50,0.01,lower,gamma_technology
D4_seed50_delta0.01_lower_gamma_participation,-400,iter_limit_feas,6.232315241,26,26,26,0,0,0.0008515817151150684,0.0,0.00018354701939020835,0.00015098865035541794,cold_verified,"-0.09334123454610478;0.281886551842454;0.2859164287548128;0.34642897851019777;0.34247369147574136;0.4889974833859312;0.45990417340776735;0.4648152061782512;0.5468559808205979;0.38057378702087485;0.4372831494053814;0.29490835667873216;0.4683054621031343;0.41169436916541957;0.4130027723380463;0.49591468264990946;-0.6295226814570817;-0.8020479959532659;-0.9015860181542313;-0.5476329853577869;-0.5254600604882259;-0.4189295807130248;-0.9867856584492529;-0.5647394899641079;-0.5115448200762927;-0.35979855124336707;-0.5264209897156643;-0.579921095453552;-0.6167443323249573;-0.5287325935289631",50,0.01,lower,gamma_participation
D4_seed50_delta1.0_upper_gamma_only,-200,infeasible,2.910826799,13,13,10,6,0,-0.04070743541049997,0.0,0.0,0.6107736901434511,cold_verified,"-0.13490025167171982;0.281886551842454;0.2859164287548128;0.34642897851019777;0.34247369147574136;0.4889974833859312;0.45990417340776735;0.4648152061782512;0.5468559808205979;0.38057378702087485;0.4372831494053814;0.29490835667873216;0.4683054621031343;0.41169436916541957;0.4130027723380463;0.49591468264990946;-0.6295716793779732;-0.8021104221142519;-0.9016561917026922;-0.5476756095212755;-0.5255009588565196;-0.41896218744676056;-0.9868624633794862;-0.5647834455858332;-0.5115846353734453;-0.3598265556051955;-0.526461962876393;-0.5799662327119787;-0.6167923356628762;-0.528773746609787",50,1.0,upper,gamma_only
D4_seed50_delta1.0_upper_gamma_technology,-400,iter_limit_feas,6.361003564,26,26,26,0,0,-0.0009952385706205186,0.00017691186633982738,0.0,0.0001219097844602212,cold_verified,"-0.09518805483184037;0.2818555800888657;0.2858850142260942;0.3463909152791279;0.34243606282437955;0.488943755709099;0.45985364230353437;0.4647641354835488;0.5467958960504109;0.38053197219332546;0.4372351037435249;0.29487595417888074;0.46825400792314054;0.4116491350225626;0.4129573944368568;0.49586019495884553;-0.6295716793779732;-0.8021104221142519;-0.9016561917026922;-0.5476756095212755;-0.5255009588565196;-0.41896218744676056;-0.9868624633794862;-0.5647834455858332;-0.5115846353734453;-0.3598265556051955;-0.526461962876393;-0.5799662327119787;-0.6167923356628762;-0.528773746609787",50,1.0,upper,gamma_technology
D4_seed50_delta1.0_upper_gamma_participation,-400,iter_limit_feas,6.312423927,26,26,26,0,0,-0.0007235464965444638,0.0,0.0001883846671162945,6.06402578976274e-5,cold_verified,"-0.09491636275776431;0.281886551842454;0.2859164287548128;0.34642897851019777;0.34247369147574136;0.4889974833859312;0.45990417340776735;0.4648152061782512;0.5468559808205979;0.38057378702087485;0.4372831494053814;0.29490835667873216;0.4683054621031343;0.41169436916541957;0.4130027723380463;0.49591468264990946;-0.6295213900458598;-0.8020463506213137;-0.9015841686286532;-0.5476318619361794;-0.525458982552452;-0.4189287213152975;-0.9867836341439968;-0.5647383314499888;-0.5115437706864285;-0.35979781314782205;-0.5264199098086274;-0.579919905795685;-0.6167430671274112;-0.5287315088798714",50,1.0,upper,gamma_participation
D4_seed50_delta1.0_lower_gamma_only,-200,infeasible,2.477705761,13,13,9,8,0,0.006554470396683762,0.0,0.0,0.008632945926138837,cold_verified,"-0.08763834586453609;0.281886551842454;0.2859164287548128;0.34642897851019777;0.34247369147574136;0.4889974833859312;0.45990417340776735;0.4648152061782512;0.5468559808205979;0.38057378702087485;0.4372831494053814;0.29490835667873216;0.4683054621031343;0.41169436916541957;0.4130027723380463;0.49591468264990946;-0.6295716793779732;-0.8021104221142519;-0.9016561917026922;-0.5476756095212755;-0.5255009588565196;-0.41896218744676056;-0.9868624633794862;-0.5647834455858332;-0.5115846353734453;-0.3598265556051955;-0.526461962876393;-0.5799662327119787;-0.6167923356628762;-0.528773746609787",50,1.0,lower,gamma_only
D4_seed50_delta1.0_lower_gamma_technology,-400,iter_limit_feas,6.46581449,26,26,26,0,0,0.0011499481207564721,0.00016921930796715757,0.0,0.0002277112652016354,cold_verified,"-0.09304286814046338;0.28185692681606556;0.285886380206234;0.34639257036102217;0.34243769900969073;0.48894609191920635;0.4598558395188879;0.4647663561616088;0.5467985086824041;0.38053379040376223;0.4372371928857969;0.2948773631184091;0.468256245276074;0.41165110191314813;0.41295936757840435;0.4958625642162208;-0.6295716793779732;-0.8021104221142519;-0.9016561917026922;-0.5476756095212755;-0.5255009588565196;-0.41896218744676056;-0.9868624633794862;-0.5647834455858332;-0.5115846353734453;-0.3598265556051955;-0.526461962876393;-0.5799662327119787;-0.6167923356628762;-0.528773746609787",50,1.0,lower,gamma_technology
D4_seed50_delta1.0_lower_gamma_participation,-400,iter_limit_feas,6.143162132,26,26,26,0,0,0.0008515817151150684,0.0,0.00018354701939020835,0.00015098865035541794,cold_verified,"-0.09334123454610478;0.281886551842454;0.2859164287548128;0.34642897851019777;0.34247369147574136;0.4889974833859312;0.45990417340776735;0.4648152061782512;0.5468559808205979;0.38057378702087485;0.4372831494053814;0.29490835667873216;0.4683054621031343;0.41169436916541957;0.4130027723380463;0.49591468264990946;-0.6295226814570817;-0.8020479959532659;-0.9015860181542313;-0.5476329853577869;-0.5254600604882259;-0.4189295807130248;-0.9867856584492529;-0.5647394899641079;-0.5115448200762927;-0.35979855124336707;-0.5264209897156643;-0.579921095453552;-0.6167443323249573;-0.5287325935289631",50,1.0,lower,gamma_participation
