point,direction,h,objA_registered,objB_fixed_dual_raw,objC_fd_Delta,ratio_A_vs_C,ratio_B_vs_C,switch_bp,switch_bm,switch_pm,cells_with_switches,min_dist_to_draw,link_switch_bp,link_switch_bm,link_switch_pm,Delta_base,eval_p_Delta,eval_m_Delta,eval_p_nStatus,eval_m_nStatus
calibration_theta0,technology_pivot_sensitive,1.0e-7,-4.0031071221123235e6,-4.0027198894676985e6,-4.002719854074861e6,1.0000967512220642,1.000000008842197,0,0,0,0,4.68106491791076e-7,0,0,0,7.554508757038379e-6,7.554468794988071e-6,7.5545488493851526e-6,0,0
calibration_theta0,technology_pivot_sensitive,3.0e-7,-4.002719868797153e6,-4.002719869095017e6,-4.0027198515055277e6,1.0000000043199688,1.0000000043943844,0,0,0,0,4.68106491791076e-7,0,0,0,7.554508757038379e-6,7.55438926176817e-6,7.55462942495926e-6,0,0
calibration_theta0,technology_pivot_sensitive,1.0e-6,-4.0027198658088017e6,-4.0027198659445276e6,-4.002719789442012e6,1.0000000190787248,1.0000000191126333,0,0,0,0,4.68106491791076e-7,0,0,0,7.554508757038379e-6,7.554114999786916e-6,7.554915543744804e-6,0,0
calibration_theta0,technology_pivot_sensitive,3.0e-6,-4.002719866040098e6,-4.002719865956654e6,-4.002719155213387e6,1.0000001775859568,1.00000017756511,0,0,0,0,4.68106491791076e-7,0,0,0,7.554508757038379e-6,7.553366573841725e-6,7.555768205334853e-6,0,0
calibration_theta0,technology_pivot_sensitive,1.0e-5,-4.0027198664749344e6,-4.002719866499683e6,-4.0027119692912176e6,1.0000019729582785,1.0000019729644616,0,0,0,0,4.68106491791076e-7,0,0,0,7.554508757038379e-6,7.551157517847257e-6,7.55916294178584e-6,0,0
calibration_theta0,technology_pivot_sensitive,3.0e-5,-2.0832439476837587e7,-2.083243947683562e7,-3.4187587870581165e7,0.6093568097199439,0.6093568097198863,1,2,3,2,4.68106491791076e-7,0,0,0,7.554508757038379e-6,7.513859247659873e-6,7.71898477488336e-6,0,0
calibration_theta0,technology_pivot_sensitive,0.0001,-1.8366184751222868e7,-1.8366184751222245e7,-2.5539754430806216e7,0.7191214309041851,0.7191214309041607,6,6,12,2,4.68106491791076e-7,0,0,0,7.554508757038379e-6,8.342958213297045e-6,8.853753301913169e-6,0,0
calibration_theta0,technology_pivot_sensitive,0.0003,-1.655901408670206e7,-1.6559014086703077e7,-6.087129510718949e7,0.27203321463003144,0.27203321463004815,20,21,41,2,4.68106491791076e-7,0,0,0,7.554508757038379e-6,1.8187218842124764e-5,2.1839496548556134e-5,0,0
calibration_theta0,technology_pivot_sensitive,0.001,-1.863175463283376e7,-1.8631754632834144e7,-1.1210418537512545e8,0.16620034810018716,0.16620034810019058,67,70,137,2,4.68106491791076e-7,0,0,0,7.554508757038379e-6,0.00013225932584976863,0.00015468016292479372,0,0
calibration_theta0,normalized_technology_block,1.0e-7,3.8217682232918576e6,3.8217566179082496e6,3.8217566408003373e6,1.0000030306721774,0.9999999940100613,0,0,0,0,4.68106491791076e-7,0,0,0,7.554508757038379e-6,7.554546978164002e-6,7.554470543031186e-6,0,0
calibration_theta0,normalized_technology_block,3.0e-7,3.8217566678065285e6,3.8217566703921575e6,3.8217566687947763e6,0.9999999997414153,1.0000000004179703,0,0,0,0,4.68106491791076e-7,0,0,0,7.554508757038379e-6,7.554623441767361e-6,7.554394136367234e-6,0,0
calibration_theta0,normalized_technology_block,1.0e-6,2.3449083265849292e8,3.821756671408366e6,3.8217566677190447e6,61.35681914004355,1.000000000965347,0,0,0,0,4.68106491791076e-7,0,0,0,7.554508757038379e-6,7.554891288573059e-6,7.5541269372395155e-6,0,0
calibration_theta0,normalized_technology_block,3.0e-6,8.071121820221762e7,3.016143537370929e8,1.843337197555792e8,0.4378537920747121,1.6362408035655343,0,2,2,2,4.68106491791076e-7,0,0,0,7.554508757038379e-6,7.555658486858725e-6,7.445058255005378e-6,0,0
calibration_theta0,normalized_technology_block,1.0e-5,-1.1923577643002842e8,9.31592937303023e7,5.789031118674028e7,-2.0596844961741936,1.6092380887328923,0,2,2,2,4.68106491791076e-7,0,0,0,7.554508757038379e-6,7.558366100770932e-6,7.442585478397451e-6,0,0
calibration_theta0,normalized_technology_block,3.0e-5,1.4758808473643225e7,-1.5121718020981e8,-9.915082211603387e7,-0.14885210388242004,1.5251228076842782,3,3,6,5,4.68106491791076e-7,0,0,0,7.554508757038379e-6,6.986464456888802e-6,7.581369389585005e-6,0,0
calibration_theta0,normalized_technology_block,0.0001,1.3465680867716338e7,2.160705322081736e7,2.7766628855571076e7,0.4849591550259294,0.7781662416855526,8,6,14,8,4.68106491791076e-7,0,0,0,7.554508757038379e-6,7.364166344142737e-6,6.808833767031316e-6,0,0
calibration_theta0,normalized_technology_block,0.0003,7.590940689955745e6,1.1252045343704086e7,1.060194972430908e7,0.7159947827851486,1.0613184967199392,17,21,38,12,4.68106491791076e-7,0,0,0,7.554508757038379e-6,8.308323364639423e-6,7.672206381180878e-6,0,0
calibration_theta0,normalized_technology_block,0.001,2.6100903586108416e7,1.0279666582910988e7,1.5522268971350057e7,1.6815134201245758,0.6622528318433661,69,77,146,14,4.68106491791076e-7,0,0,0,7.554508757038379e-6,1.5901443603896765e-5,1.2796989809626754e-5,0,0
calibration_theta0,normalized_participation_block,1.0e-7,-1.081589626486007e6,-1.0815862147137523e6,-1.0815861921619077e6,1.0000031752662193,1.0000000208507143,0,0,0,0,4.68106491791076e-7,0,0,0,7.554508757038379e-6,7.554497942202829e-6,7.554519573926672e-6,0,0
calibration_theta0,normalized_participation_block,3.0e-7,-1.0815862195809484e6,-1.0815862198554291e6,-1.0815862088766913e6,1.0000000098968136,1.0000000101505897,0,0,0,0,4.68106491791076e-7,0,0,0,7.554508757038379e-6,7.554476318687792e-6,7.554541213860324e-6,0,0
calibration_theta0,normalized_participation_block,1.0e-6,-2.39847121449517e8,-1.0815862201925484e6,-1.0815862290036057e6,221.75496970821496,0.9999999918535785,0,0,0,0,4.68106491791076e-7,0,0,0,7.554508757038379e-6,7.55440070103136e-6,7.55461701827716e-6,0,0
calibration_theta0,normalized_participation_block,3.0e-6,-8.067009796355152e7,-1.96507702847608e8,-1.0508759987854701e8,0.7676462118916452,1.8699418682577014,1,0,1,1,4.68106491791076e-7,0,0,0,7.554508757038379e-6,7.491781596526201e-6,7.554834156453329e-6,0,0
calibration_theta0,normalized_participation_block,1.0e-5,1.2322434317923072e8,-9.041946908027384e7,-5.526838644149984e7,-2.229562886002842,1.6360070358844385,2,0,2,2,4.68106491791076e-7,0,0,0,7.554508757038379e-6,7.445063832181435e-6,7.555600605064434e-6,0,0
calibration_theta0,normalized_participation_block,3.0e-5,-1.324488852684452e7,1.5013596159298638e8,9.708819897947592e7,-0.13642119913713138,1.546387338225571,3,2,5,4,4.68106491791076e-7,0,0,0,7.554508757038379e-6,7.588696970746784e-6,7.006167776869928e-6,0,0
calibration_theta0,normalized_participation_block,0.0001,1.8171427500770494e7,4.2502484829061426e7,1.7398531115544718e7,1.044423082620764,2.442877766335549,5,7,12,7,4.68106491791076e-7,0,0,0,7.554508757038379e-6,7.561645871775582e-6,7.213675249464688e-6,0,0
calibration_theta0,normalized_participation_block,0.0003,-5.521273513143776e6,-1.0300277764257178e7,-1.5837184788149852e7,0.3486272078655709,0.6503856526296482,9,12,21,10,4.68106491791076e-7,0,0,0,7.554508757038379e-6,6.685311375286701e-6,7.635542462575692e-6,0,0
calibration_theta0,normalized_participation_block,0.001,-1.3459649631388929e7,-3.0723196257846938e6,-1.3756606886463672e7,0.9784134810621836,0.22333411510129125,48,49,97,14,4.68106491791076e-7,0,0,0,7.554508757038379e-6,7.947156391802414e-6,1.0698477769095148e-5,0,0
calibration_theta0,participation_pivot_sensitive,1.0e-7,1.0065494597248115e7,1.006546258002345e7,1.006546251855398e7,1.0000031870064665,1.0000000061069694,0,0,0,0,4.68106491791076e-7,0,0,0,7.554508757038379e-6,7.554609500516733e-6,7.554408191266362e-6,0,0
calibration_theta0,participation_pivot_sensitive,3.0e-7,1.0065462550297907e7,1.0065462550580075e7,1.0065462689259354e7,0.9999999861942316,0.9999999862222648,0,0,0,0,4.68106491791076e-7,0,0,0,7.554508757038379e-6,7.554811520597708e-6,7.554207592836353e-6,0,0
calibration_theta0,participation_pivot_sensitive,1.0e-6,5.8620524662572615e7,5.862052466287424e7,3.697924272575785e7,1.5852278289555277,1.5852278289636843,0,1,1,1,4.68106491791076e-7,0,0,0,7.554508757038379e-6,7.555524188764775e-6,7.5481283402196235e-6,0,0
calibration_theta0,participation_pivot_sensitive,3.0e-6,2.6250300182375137e7,2.625030018224546e7,1.8902844787260603e7,1.388695748063608,1.388695748056748,0,1,1,1,4.68106491791076e-7,0,0,0,7.554508757038379e-6,7.5576083677529494e-6,7.546266660880593e-6,0,0
calibration_theta0,participation_pivot_sensitive,1.0e-5,1.4920721614611331e7,1.4920721614630746e7,1.2576287429568684e7,1.186417032703192,1.1864170327047356,0,1,1,1,4.68106491791076e-7,0,0,0,7.554508757038379e-6,7.565462902214857e-6,7.5403103273557194e-6,0,0
calibration_theta0,participation_pivot_sensitive,3.0e-5,1.4929852261907907e7,1.4929852261900427e7,1.259392892615552e7,1.1854801110478763,1.1854801110472823,1,2,3,1,4.68106491791076e-7,0,0,0,7.554508757038379e-6,7.608009785906171e-6,7.532446212349238e-6,0,0
calibration_theta0,participation_pivot_sensitive,0.0001,-3.6916831510227226e7,-3.691683151022713e7,-5.360482813731584e7,0.6886848217414276,0.6886848217414259,7,9,16,2,4.68106491791076e-7,0,0,0,7.554508757038379e-6,7.732027520342811e-6,8.804124083089128e-6,0,0
calibration_theta0,participation_pivot_sensitive,0.0003,-3.660129635544268e7,-3.6601296355442345e7,-5.24246895548254e7,0.6981690624446194,0.698169062444613,24,26,50,2,4.68106491791076e-7,0,0,0,7.554508757038379e-6,1.1641280821756212e-5,1.4786762195045736e-5,0,0
calibration_theta0,participation_pivot_sensitive,0.001,-2.4125377248466887e7,-2.412537724846684e7,-1.4748372621651229e7,1.6357992754434358,1.6357992754434325,77,76,153,2,4.68106491791076e-7,0,0,0,7.554508757038379e-6,5.223597989504024e-5,5.518565441937049e-5,0,0
calibration_theta0,gamma,1.0e-7,1.0065462579811335e7,1.006546258002345e7,1.006546251855398e7,1.0000000060858958,1.0000000061069694,0,0,0,0,4.68106491791076e-7,0,0,0,7.554508757038379e-6,7.554609500516733e-6,7.554408191266362e-6,0,0
calibration_theta0,gamma,3.0e-7,1.0065462550297907e7,1.0065462550580075e7,1.0065462689259354e7,0.9999999861942316,0.9999999862222648,0,0,0,0,4.68106491791076e-7,0,0,0,7.554508757038379e-6,7.554811520597708e-6,7.554207592836353e-6,0,0
calibration_theta0,gamma,1.0e-6,5.8620524662572615e7,5.862052466287424e7,3.697924272575785e7,1.5852278289555277,1.5852278289636843,0,1,1,1,4.68106491791076e-7,0,0,0,7.554508757038379e-6,7.555524188764775e-6,7.5481283402196235e-6,0,0
calibration_theta0,gamma,3.0e-6,2.6250300182375137e7,2.625030018224546e7,1.8902844787260603e7,1.388695748063608,1.388695748056748,0,1,1,1,4.68106491791076e-7,0,0,0,7.554508757038379e-6,7.5576083677529494e-6,7.546266660880593e-6,0,0
calibration_theta0,gamma,1.0e-5,1.4920721614611331e7,1.4920721614630746e7,1.2576287429568684e7,1.186417032703192,1.1864170327047356,0,1,1,1,4.68106491791076e-7,0,0,0,7.554508757038379e-6,7.565462902214857e-6,7.5403103273557194e-6,0,0
calibration_theta0,gamma,3.0e-5,1.4929852261907907e7,1.4929852261900427e7,1.259392892615552e7,1.1854801110478763,1.1854801110472823,1,2,3,1,4.68106491791076e-7,0,0,0,7.554508757038379e-6,7.608009785906171e-6,7.532446212349238e-6,0,0
calibration_theta0,gamma,0.0001,-3.6916831510227226e7,-3.691683151022713e7,-5.360482813731584e7,0.6886848217414276,0.6886848217414259,7,9,16,2,4.68106491791076e-7,0,0,0,7.554508757038379e-6,7.732027520342811e-6,8.804124083089128e-6,0,0
calibration_theta0,gamma,0.0003,-3.660129635544268e7,-3.6601296355442345e7,-5.24246895548254e7,0.6981690624446194,0.698169062444613,24,26,50,2,4.68106491791076e-7,0,0,0,7.554508757038379e-6,1.1641280821756212e-5,1.4786762195045736e-5,0,0
calibration_theta0,gamma,0.001,-2.4125377248466887e7,-2.412537724846684e7,-1.4748372621651229e7,1.6357992754434358,1.6357992754434325,77,76,153,2,4.68106491791076e-7,0,0,0,7.554508757038379e-6,5.223597989504024e-5,5.518565441937049e-5,0,0
calibration_theta0,mixed,1.0e-7,9.937593493597234e6,9.937591551060906e6,9.937591568768429e6,1.0000001936916798,0.9999999982181274,0,0,0,0,4.68106491791076e-7,0,0,0,7.554508757038379e-6,7.554608178642214e-6,7.5544094268108385e-6,0,0
calibration_theta0,mixed,3.0e-7,9.937591532809243e6,9.937591525061483e6,9.937591588913696e6,0.9999999943543209,0.9999999935746793,0,0,0,0,4.68106491791076e-7,0,0,0,7.554508757038379e-6,7.554807295980659e-6,7.554211040485324e-6,0,0
calibration_theta0,mixed,1.0e-6,4.427120520776541e7,5.84927340746217e7,3.6909447803128354e7,1.1994545527720708,1.584763185475346,0,1,1,1,4.68106491791076e-7,0,0,0,7.554508757038379e-6,7.5555070850771496e-6,7.548125195516524e-6,0,0
calibration_theta0,mixed,3.0e-6,2.1381999972597267e7,2.6122509590886086e7,1.8833034284894355e7,1.1353454599584833,1.3870579321271927,0,1,1,1,4.68106491791076e-7,0,0,0,7.554508757038379e-6,7.557531155434256e-6,7.546231334863319e-6,0,0
calibration_theta0,mixed,1.0e-5,1.337077814694168e7,1.4792931021250842e7,1.2506361122571152e7,1.0691181884081735,1.1828325502733925,0,1,1,1,4.68106491791076e-7,0,0,0,7.554508757038379e-6,7.564903285171357e-6,7.539890562926214e-6,0,0
calibration_theta0,mixed,3.0e-5,1.3377234518297676e7,1.3182616576522559e7,1.3191366365904916e7,1.014090136475412,0.9993367033300681,1,1,2,1,4.68106491791076e-7,0,0,0,7.554508757038379e-6,7.603387782271274e-6,7.5242395840758445e-6,0,0
calibration_theta0,mixed,0.0001,-1.8150494872535862e7,1.6958376486437265e7,1.6969568599893026e7,-1.0695908246394832,0.999340459753595,4,4,8,2,4.68106491791076e-7,0,0,0,7.554508757038379e-6,7.880879040724672e-6,7.541487668726811e-6,0,0
calibration_theta0,mixed,0.0003,-1.6058110730389094e7,-8.08754321094469e6,-6.948062028484935e6,2.3111639856633026,1.1639998574837458,18,17,35,4,4.68106491791076e-7,0,0,0,7.554508757038379e-6,9.579358763516099e-6,9.996242485225195e-6,0,0
calibration_theta0,mixed,0.001,-5.077701100122273e6,-8.588530189537618e6,-5.818586115197159e6,0.8726692360640981,1.4760510576797747,65,65,130,4,4.68106491791076e-7,0,0,0,7.554508757038379e-6,3.485102430482378e-5,3.601474152786321e-5,0,0
calibration_theta0,ordinary_technology,1.0e-7,3.988416822365015e6,3.9884141717629973e6,3.988414192486532e6,1.0000006593794817,0.9999999948040665,0,0,0,0,4.68106491791076e-7,0,0,0,7.554508757038379e-6,7.55454864349364e-6,7.55446887520979e-6,0,0
calibration_theta0,ordinary_technology,3.0e-7,3.988414157736948e6,3.988414156531993e6,3.9884141684590313e6,0.9999999973116926,0.9999999970095788,0,0,0,0,4.68106491791076e-7,0,0,0,7.554508757038379e-6,7.554628430283507e-6,7.554389125433399e-6,0,0
calibration_theta0,ordinary_technology,1.0e-6,3.9884141637691613e6,3.988414163934067e6,3.988414164640324e6,0.9999999997815766,0.9999999998229228,0,0,0,0,4.68106491791076e-7,0,0,0,7.554508757038379e-6,7.554907829790303e-6,7.554110146957375e-6,0,0
calibration_theta0,ordinary_technology,3.0e-6,3.988414163750657e6,3.9884141637885477e6,3.988414162038521e6,1.0000000004292773,1.0000000004387777,0,0,0,0,4.68106491791076e-7,0,0,0,7.554508757038379e-6,7.555707363299324e-6,7.553314314802101e-6,0,0
calibration_theta0,ordinary_technology,1.0e-5,3.988414163222376e6,3.9884141632282985e6,3.9884141770480857e6,0.999999996533532,0.999999996535017,0,0,0,0,4.68106491791076e-7,0,0,0,7.554508757038379e-6,7.5585203046862285e-6,7.550543476332132e-6,0,0
calibration_theta0,ordinary_technology,3.0e-5,3.988414164087424e6,3.9884141640817686e6,3.988414281890436e6,0.9999999704636972,0.9999999704622792,0,0,0,0,4.68106491791076e-7,0,0,0,7.554508757038379e-6,7.566682201123158e-6,7.542751715431815e-6,0,0
calibration_theta0,ordinary_technology,0.0001,1.1248155117462577e7,1.1248155117457863e7,1.1240053206814993e7,1.0007208071437483,1.000720807143329,1,1,2,1,4.68106491791076e-7,0,0,0,7.554508757038379e-6,7.70434236937792e-6,7.479541305241621e-6,0,0
calibration_theta0,ordinary_technology,0.0003,1.389169694184252e7,1.3891696941842142e7,1.3888048516972385e7,1.0002627024859307,1.0002627024859034,3,3,6,2,4.68106491791076e-7,0,0,0,7.554508757038379e-6,8.230159554262303e-6,7.39687664324396e-6,0,0
calibration_theta0,ordinary_technology,0.001,1.694441809210165e7,1.694441809210176e7,1.7013889580917526e7,0.995916777966292,0.9959167779662985,13,13,26,2,4.68106491791076e-7,0,0,0,7.554508757038379e-6,1.3442521925492035e-5,1.003974400930853e-5,0,0
calibration_theta0,ordinary_participation,1.0e-7,0.0,0.0,0.0,NaN,NaN,0,0,0,0,4.68106491791076e-7,0,0,0,7.554508757038379e-6,7.554508757038379e-6,7.554508757038379e-6,0,0
calibration_theta0,ordinary_participation,3.0e-7,0.0,0.0,0.0,NaN,NaN,0,0,0,0,4.68106491791076e-7,0,0,0,7.554508757038379e-6,7.554508757038379e-6,7.554508757038379e-6,0,0
calibration_theta0,ordinary_participation,1.0e-6,0.0,0.0,0.0,NaN,NaN,0,0,0,0,4.68106491791076e-7,0,0,0,7.554508757038379e-6,7.554508757038379e-6,7.554508757038379e-6,0,0
calibration_theta0,ordinary_participation,3.0e-6,0.0,0.0,0.0,NaN,NaN,0,0,0,0,4.68106491791076e-7,0,0,0,7.554508757038379e-6,7.554508757038379e-6,7.554508757038379e-6,0,0
calibration_theta0,ordinary_participation,1.0e-5,0.0,0.0,0.0,NaN,NaN,0,0,0,0,4.68106491791076e-7,0,0,0,7.554508757038379e-6,7.554508757038379e-6,7.554508757038379e-6,0,0
calibration_theta0,ordinary_participation,3.0e-5,0.0,0.0,0.0,NaN,NaN,0,0,0,0,4.68106491791076e-7,0,0,0,7.554508757038379e-6,7.554508757038379e-6,7.554508757038379e-6,0,0
calibration_theta0,ordinary_participation,0.0001,0.0,0.0,0.0,NaN,NaN,0,0,0,0,4.68106491791076e-7,0,0,0,7.554508757038379e-6,7.554508757038379e-6,7.554508757038379e-6,0,0
calibration_theta0,ordinary_participation,0.0003,-2.530861424953253e6,-2.530861424953255e6,-3.1857386329730023e6,0.7944347344626312,0.7944347344626319,0,1,1,1,4.68106491791076e-7,0,0,0,7.554508757038379e-6,7.554508757038379e-6,7.745653075016759e-6,0,0
calibration_theta0,ordinary_participation,0.001,-1.2165371173547182e7,-1.2165371173547188e7,-1.1153964069581466e7,1.09067691967235,1.0906769196723505,7,6,13,2,4.68106491791076e-7,0,0,0,7.554508757038379e-6,7.535287179323527e-6,9.76607999323982e-6,0,0
mixed_Af_radius_0.002,technology_pivot_sensitive,1.0e-7,-6.797417202405228e7,-6.796252584026662e7,-6.796252572082709e7,1.000171363602245,1.0000000017574322,0,0,0,0,6.395755449695173e-7,0,0,0,0.00010021628162231727,0.00010021560206231376,0.00010021696131282817,0,0
mixed_Af_radius_0.002,technology_pivot_sensitive,3.0e-7,-6.796252585677955e7,-6.796252584822166e7,-6.796252585454535e7,1.000000000032874,0.9999999999069532,0,0,0,0,6.395755449695173e-7,0,0,0,0.00010021628162231727,0.00010021424333383316,0.00010021832108538443,0,0
mixed_Af_radius_0.002,technology_pivot_sensitive,1.0e-6,-6.796252584573282e7,-6.796252584567992e7,-6.796252576297544e7,1.0000000012176915,1.000000001216913,0,0,0,0,6.395755449695173e-7,0,0,0,0.00010021628162231727,0.00010020949189521002,0.00010022308440036261,0,0
mixed_Af_radius_0.002,technology_pivot_sensitive,3.0e-6,-6.796252585300477e7,-6.796252585328571e7,-6.796252513619365e7,1.0000000105471525,1.0000000105512863,0,0,0,0,6.395755449695173e-7,0,0,0,0.00010021628162231727,0.00010019595159397405,0.00010023672910905577,0,0
mixed_Af_radius_0.002,technology_pivot_sensitive,1.0e-5,-4.044493146720728e8,-4.0444931467223793e8,-3.9063772161775637e8,1.0353565267509708,1.0353565267513933,1,0,1,1,6.395755449695173e-7,0,0,0,0.00010021628162231727,9.950362124370031e-5,0.00010028489668693582,0,0
mixed_Af_radius_0.002,technology_pivot_sensitive,3.0e-5,-2.8307701030673426e8,-2.830770103068576e8,-2.9636428071385276e8,0.955165749478603,0.9551657494790191,1,2,3,2,6.395755449695173e-7,0,0,0,0.00010021628162231727,9.938272440879565e-5,0.00010116091009307877,0,0
mixed_Af_radius_0.002,technology_pivot_sensitive,0.0001,-2.922251657333544e8,-2.922251657333522e8,-3.201218774961029e8,0.91285596604347,0.9128559660434631,5,7,12,2,6.395755449695173e-7,0,0,0,0.00010021628162231727,9.841548000165078e-5,0.00010481791755157284,0,0
mixed_Af_radius_0.002,technology_pivot_sensitive,0.0003,-3.082294236960838e8,-3.0822942369607574e8,-3.830137500798856e8,0.8047476719355272,0.8047476719355062,19,23,42,2,6.395755449695173e-7,0,0,0,0.00010021628162231727,0.00010180500263636826,0.0001247858276411614,0,0
mixed_Af_radius_0.002,technology_pivot_sensitive,0.001,-3.080518733214859e8,-3.080518733214872e8,-4.109428650055858e8,0.7496221483667775,0.7496221483667808,66,70,136,2,6.395755449695173e-7,0,0,0,0.00010021628162231727,0.0001934200943316862,0.0002756086673328034,0,0
mixed_Af_radius_0.002,normalized_technology_block,1.0e-7,6.212856353382467e7,6.212833521247376e7,6.2128334967707485e7,1.0000036789351798,1.0000000039396884,0,0,0,0,6.395755449695173e-7,0,0,0,0.00010021628162231727,0.00010021690290936241,0.00010021566034266305,0,0
mixed_Af_radius_0.002,normalized_technology_block,3.0e-7,6.212833462352751e7,6.2128334917554945e7,6.212833490401061e7,0.9999999954854238,1.0000000002180058,0,0,0,0,6.395755449695173e-7,0,0,0,0.00010021628162231727,0.00010021814550561157,0.00010021441780551733,0,0
mixed_Af_radius_0.002,normalized_technology_block,1.0e-6,-3.372761974238042e9,6.212833491753554e7,6.212833493084461e7,-54.287016994617375,0.999999999785781,0,0,0,0,6.395755449695173e-7,0,0,0,0.00010021628162231727,0.00010022249482518142,0.00010021006915819525,0,0
mixed_Af_radius_0.002,normalized_technology_block,3.0e-6,-1.0828315445222313e9,-4.372297527069343e9,-4.501243458377597e9,0.24056275883209416,0.9713532643811427,0,2,2,2,6.395755449695173e-7,0,0,0,0.00010021628162231727,0.00010023492344714182,0.00010293566952216838,0,0
mixed_Af_radius_0.002,normalized_technology_block,1.0e-5,-8.095210395365455e8,-1.2681956775720696e9,-1.3069647012757964e9,0.6193901325309932,0.9703365946563957,0,2,2,2,6.395755449695173e-7,0,0,0,0.00010021628162231727,0.00010027844689462277,0.00010289237629717436,0,0
mixed_Af_radius_0.002,normalized_technology_block,3.0e-5,-6.734549778871176e8,-1.280619264597209e9,-1.2250486745012314e9,0.5497373222017561,1.045361944592612,4,3,7,6,6.395755449695173e-7,0,0,0,0.00010021628162231727,9.557414271934199e-5,0.00010292443476634938,0,0
mixed_Af_radius_0.002,normalized_technology_block,0.0001,-1.8157495905453852e8,-4.7561031677845746e8,-4.6782222787996805e8,0.38812811412869913,1.0166475392453727,9,5,14,8,6.395755449695173e-7,0,0,0,0.00010021628162231727,9.3035387883581e-5,0.00010239183244118036,0,0
mixed_Af_radius_0.002,normalized_technology_block,0.0003,-2.7829159213613564e8,-2.8340910800819e8,-2.728786236176918e8,1.019836542880059,1.038590360252079,19,20,39,13,6.395755449695173e-7,0,0,0,0.00010021628162231727,8.583933589227924e-5,0.00010221205330934075,0,0
mixed_Af_radius_0.002,normalized_technology_block,0.001,-2.708130353473276e8,-2.4074262942875782e8,-2.1884775384084907e8,1.2374494624435068,1.1000461517362943,70,72,142,14,6.395755449695173e-7,0,0,0,0.00010021628162231727,7.669083134174215e-5,0.00012046038210991197,0,0
mixed_Af_radius_0.002,normalized_participation_block,1.0e-7,-2.725985801174908e7,-2.7259936698828824e7,-2.7259936646038037e7,0.999997115389886,1.0000000019365705,0,0,0,0,6.395755449695173e-7,0,0,0,0.00010021628162231727,0.00010021600902406916,0.00010021655422280208,0,0
mixed_Af_radius_0.002,normalized_participation_block,3.0e-7,-2.7259936739282146e7,-2.725993675684246e7,-2.7259936727127325e7,1.000000000445886,1.0000000010900663,0,0,0,0,6.395755449695173e-7,0,0,0,0.00010021628162231727,0.00010021546383428209,0.00010021709943048572,0,0
mixed_Af_radius_0.002,normalized_participation_block,1.0e-6,3.5281948431903343e9,-2.7259936747374013e7,-2.725993674951158e7,-129.4278440779416,0.9999999999215857,0,0,0,0,6.395755449695173e-7,0,0,0,0.00010021628162231727,0.00010021355574049621,0.00010021900772784611,0,0
mixed_Af_radius_0.002,normalized_participation_block,3.0e-6,1.1578916565637786e9,5.163039165608856e9,5.266423181081472e9,0.21986301076663628,0.9803692160850268,1,0,1,1,6.395755449695173e-7,0,0,0,0.00010021628162231727,0.000103384314518687,0.00010022446061003812,0,0
mixed_Af_radius_0.002,normalized_participation_block,1.0e-5,1.0493297157012069e9,1.3030694273209198e9,1.3417195698477168e9,0.7820782667873767,0.9711935762171348,2,0,2,2,6.395755449695173e-7,0,0,0,0.00010021628162231727,0.00010292699188447071,0.00010024355274477528,0,0
mixed_Af_radius_0.002,normalized_participation_block,3.0e-5,-1.7393363832925126e8,1.1965596670922124e9,1.1440655997913337e9,-0.15203117580056166,1.045883791375646,3,2,5,4,6.395755449695173e-7,0,0,0,0.00010021628162231727,0.0001030281761371829,9.61637825384349e-5,0,0
mixed_Af_radius_0.002,normalized_participation_block,0.0001,6.042625786377584e8,5.3616154002626485e8,5.0948997415914077e8,1.1860146603179578,1.0523495401673855,4,8,12,7,6.395755449695173e-7,0,0,0,0.00010021628162231727,0.00010284765140727579,9.265785192409297e-5,0,0
mixed_Af_radius_0.002,normalized_participation_block,0.0003,2.3597392485568854e8,2.0893607635470924e8,1.9809693154154432e8,1.1912043413262097,1.0547163690462906,9,14,23,11,6.395755449695173e-7,0,0,0,0.00010021628162231727,0.00010231306327775698,9.042724738526433e-5,0,0
mixed_Af_radius_0.002,normalized_participation_block,0.001,2.1511872271900004e8,2.659149781251516e8,2.4202310807691842e8,0.8888354687628928,1.098717309425842,49,50,99,13,6.395755449695173e-7,0,0,0,0.00010021628162231727,0.00012033712865502976,7.193250703964607e-5,0,0
mixed_Af_radius_0.002,participation_pivot_sensitive,1.0e-7,2.524642209338055e8,2.5245448088971898e8,2.524544811616453e8,1.0000385803100638,0.99999999892287,0,0,0,0,6.395755449695173e-7,0,0,0,0.00010021628162231727,0.0001002188062626231,0.00010021375717299986,0,0
mixed_Af_radius_0.002,participation_pivot_sensitive,3.0e-7,2.5245448087453848e8,2.5245448087439096e8,2.5245448100714648e8,0.9999999994747252,0.9999999994741408,0,0,0,0,6.395755449695173e-7,0,0,0,0.00010021628162231727,0.00010022385611618426,0.00010020870884732383,0,0
mixed_Af_radius_0.002,participation_pivot_sensitive,1.0e-6,2.524544808710505e8,2.5245448087120897e8,2.5245448253085712e8,0.9999999934253233,0.9999999934259509,0,0,0,0,6.395755449695173e-7,0,0,0,0.00010021628162231727,0.00010024153661982056,0.0001001910457233144,0,0
mixed_Af_radius_0.002,participation_pivot_sensitive,3.0e-6,2.5245448086796963e8,2.5245448086820155e8,2.5245449589703703e8,0.9999999404682125,0.9999999404691312,0,0,0,0,6.395755449695173e-7,0,0,0,0.00010021628162231727,0.0001002921039143221,0.00010014063121678388,0,0
mixed_Af_radius_0.002,participation_pivot_sensitive,1.0e-5,5.714374143381995e8,5.714374143381603e8,5.690254424954149e8,1.0042387767974084,1.0042387767973395,0,1,1,1,6.395755449695173e-7,0,0,0,0.00010021628162231727,0.00010046969119505795,9.933164031006712e-5,0,0
mixed_Af_radius_0.002,participation_pivot_sensitive,3.0e-5,1.739267953906796e9,1.739267953906794e9,1.69516229651381e9,1.0260185455302373,1.0260185455302362,1,4,5,2,6.395755449695173e-7,0,0,0,0.00010021628162231727,0.00010162258360318845,9.145160982410559e-5,0,0
mixed_Af_radius_0.002,participation_pivot_sensitive,0.0001,1.3367028525131967e9,1.3367028525131905e9,1.2866521198161821e9,1.03889997298117,1.0388999729811652,6,10,16,2,6.395755449695173e-7,0,0,0,0.00010021628162231727,0.00010682070108846416,8.108765869214052e-5,0,0
mixed_Af_radius_0.002,participation_pivot_sensitive,0.0003,1.3292592275482926e9,1.3292592275482924e9,1.2759766316633604e9,1.0417582850365161,1.041758285036516,21,26,47,2,6.395755449695173e-7,0,0,0,0.00010021628162231727,0.00013602238227652475,5.9463784376723136e-5,0,0
mixed_Af_radius_0.002,participation_pivot_sensitive,0.001,1.3993601206358218e9,1.3993601206358218e9,1.3488785164937088e9,1.0374248707536209,1.0374248707536209,77,83,160,2,6.395755449695173e-7,0,0,0,0.00010021628162231727,0.0002849885719351962,1.5212868636454377e-5,0,0
mixed_Af_radius_0.002,gamma,1.0e-7,2.5245448088767612e8,2.5245448088971898e8,2.524544811616453e8,0.999999998914778,0.99999999892287,0,0,0,0,6.395755449695173e-7,0,0,0,0.00010021628162231727,0.0001002188062626231,0.00010021375717299986,0,0
mixed_Af_radius_0.002,gamma,3.0e-7,2.5245448087453848e8,2.5245448087439096e8,2.5245448100714648e8,0.9999999994747252,0.9999999994741408,0,0,0,0,6.395755449695173e-7,0,0,0,0.00010021628162231727,0.00010022385611618426,0.00010020870884732383,0,0
mixed_Af_radius_0.002,gamma,1.0e-6,2.524544808710505e8,2.5245448087120897e8,2.5245448253085712e8,0.9999999934253233,0.9999999934259509,0,0,0,0,6.395755449695173e-7,0,0,0,0.00010021628162231727,0.00010024153661982056,0.0001001910457233144,0,0
mixed_Af_radius_0.002,gamma,3.0e-6,2.5245448086796963e8,2.5245448086820155e8,2.5245449589703703e8,0.9999999404682125,0.9999999404691312,0,0,0,0,6.395755449695173e-7,0,0,0,0.00010021628162231727,0.0001002921039143221,0.00010014063121678388,0,0
mixed_Af_radius_0.002,gamma,1.0e-5,5.714374143381995e8,5.714374143381603e8,5.690254424954149e8,1.0042387767974084,1.0042387767973395,0,1,1,1,6.395755449695173e-7,0,0,0,0.00010021628162231727,0.00010046969119505795,9.933164031006712e-5,0,0
mixed_Af_radius_0.002,gamma,3.0e-5,1.739267953906796e9,1.739267953906794e9,1.69516229651381e9,1.0260185455302373,1.0260185455302362,1,4,5,2,6.395755449695173e-7,0,0,0,0.00010021628162231727,0.00010162258360318845,9.145160982410559e-5,0,0
mixed_Af_radius_0.002,gamma,0.0001,1.3367028525131967e9,1.3367028525131905e9,1.2866521198161821e9,1.03889997298117,1.0388999729811652,6,10,16,2,6.395755449695173e-7,0,0,0,0.00010021628162231727,0.00010682070108846416,8.108765869214052e-5,0,0
mixed_Af_radius_0.002,gamma,0.0003,1.3292592275482926e9,1.3292592275482924e9,1.2759766316633604e9,1.0417582850365161,1.041758285036516,21,26,47,2,6.395755449695173e-7,0,0,0,0.00010021628162231727,0.00013602238227652475,5.9463784376723136e-5,0,0
mixed_Af_radius_0.002,gamma,0.001,1.3993601206358218e9,1.3993601206358218e9,1.3488785164937088e9,1.0374248707536209,1.0374248707536209,77,83,160,2,6.395755449695173e-7,0,0,0,0.00010021628162231727,0.0002849885719351962,1.5212868636454377e-5,0,0
mixed_Af_radius_0.002,mixed,1.0e-7,1.9462845839161444e8,1.9462628984765616e8,1.9462629012017968e8,1.0000111406913907,0.99999999859976,0,0,0,0,6.395755449695173e-7,0,0,0,0.00010021628162231727,0.00010021822793422324,0.00010021433540842083,0,0
mixed_Af_radius_0.002,mixed,3.0e-7,1.946262900212115e8,1.9462629001684642e8,1.9462629004654428e8,0.9999999998698389,0.9999999998474108,0,0,0,0,6.395755449695173e-7,0,0,0,0.00010021628162231727,0.0001002221208520475,0.00010021044327464471,0,0
mixed_Af_radius_0.002,mixed,1.0e-6,1.9462629014600116e8,1.9462628996296555e8,1.9462629056314403e8,0.9999999978566982,0.9999999969162517,0,0,0,0,6.395755449695173e-7,0,0,0,0.00010021628162231727,0.00010023574915169281,0.00010019682389358018,0,0
mixed_Af_radius_0.002,mixed,3.0e-6,1.9462629054407844e8,1.9462628996998924e8,1.9462629528699028e8,0.9999999756306729,0.9999999726809728,0,0,0,0,6.395755449695173e-7,0,0,0,0.00010021628162231727,0.0001002747136137519,0.0001001579378365797,0,0
mixed_Af_radius_0.002,mixed,1.0e-5,4.201812906779326e8,1.9462628997516003e8,1.9462634905602062e8,2.1589126688955615,0.9999996964395578,0,0,0,0,6.395755449695173e-7,0,0,0,0.00010021628162231727,0.00010041139800302127,0.00010002214530490923,0,0
mixed_Af_radius_0.002,mixed,3.0e-5,1.3252724383616426e9,5.188947608148485e8,5.146358068065883e8,2.57516562359935,1.0082756659212808,1,2,3,2,6.395755449695173e-7,0,0,0,0.00010021628162231727,0.00010144452572606118,9.835671088522165e-5,0,0
mixed_Af_radius_0.002,mixed,0.0001,9.850998655530821e8,1.1860749669406824e9,1.1344151885824432e9,0.8683768301657311,1.0455386871386947,4,9,13,3,6.395755449695173e-7,0,0,0,0.00010021628162231727,0.00010482406904556725,8.213576527391838e-5,0,0
mixed_Af_radius_0.002,mixed,0.0003,1.0130459031448296e9,1.0281192058394513e9,1.0165234590553101e9,0.9965789713168919,1.0114072594005037,18,20,38,4,6.395755449695173e-7,0,0,0,0.00010021628162231727,0.00013113652344131429,7.014511589799568e-5,0,0
mixed_Af_radius_0.002,mixed,0.001,1.058282861749779e9,1.0003607958972675e9,9.65793690961003e8,1.095764935777066,1.035791396506089,61,66,127,4,6.395755449695173e-7,0,0,0,0.00010021628162231727,0.0002172463954656558,2.4087657273455197e-5,0,0
mixed_Af_radius_0.002,ordinary_technology,1.0e-7,2.2790460227432303e7,2.2788658058270812e7,2.2788658055061545e7,1.0000790819874696,1.0000000001408273,0,0,0,0,6.395755449695173e-7,0,0,0,0.00010021628162231727,0.00010021650951121538,0.00010021605373805428,0,0
mixed_Af_radius_0.002,ordinary_technology,3.0e-7,2.2788657995098658e7,2.2788657996958744e7,2.278865798142615e7,1.0000000005999699,1.0000000006815932,0,0,0,0,6.395755449695173e-7,0,0,0,0.00010021628162231727,0.00010021696530290557,0.00010021559798342668,0,0
mixed_Af_radius_0.002,ordinary_technology,1.0e-6,2.2788658001871023e7,2.278865800204221e7,2.2788658018334195e7,0.9999999992775717,0.9999999992850837,0,0,0,0,6.395755449695173e-7,0,0,0,0.00010021628162231727,0.00010021856071973687,0.0001002140029881332,0,0
mixed_Af_radius_0.002,ordinary_technology,3.0e-6,2.2788657999373015e7,2.2788657999558683e7,2.278865800697266e7,0.9999999996665164,0.9999999996746638,0,0,0,0,6.395755449695173e-7,0,0,0,0.00010021628162231727,0.00010022312030425925,0.00010020944710945507,0,0
mixed_Af_radius_0.002,ordinary_technology,1.0e-5,2.278865800196261e7,2.2788658001908332e7,2.278865801497317e7,0.9999999994290774,0.9999999994266956,0,0,0,0,6.395755449695173e-7,0,0,0,0.00010021628162231727,0.00010023909344189834,0.0001001935161258684,0,0
mixed_Af_radius_0.002,ordinary_technology,3.0e-5,1.3495025920095825e8,1.3495025920095116e8,1.3057112772896141e8,1.0335382832955768,1.0335382832955224,0,1,1,1,6.395755449695173e-7,0,0,0,0.00010021628162231727,0.00010028485605079063,9.950142928441686e-5,0,0
mixed_Af_radius_0.002,ordinary_technology,0.0001,5.643833318012575e7,5.643833318012068e7,5.470813570739436e7,1.031625962946084,1.0316259629459912,0,1,1,1,6.395755449695173e-7,0,0,0,0.00010021628162231727,0.00010044648437306154,9.935232165891365e-5,0,0
mixed_Af_radius_0.002,ordinary_technology,0.0003,1.0340298703461213e8,1.0340298703461227e8,1.0332531521479437e8,1.000751721102,1.0007517211020014,4,4,8,2,6.395755449695173e-7,0,0,0,0.00010021628162231727,0.00010371649751608103,9.751697860319337e-5,0,0
mixed_Af_radius_0.002,ordinary_technology,0.001,9.727539248930225e7,9.72753924893026e7,1.017236689037314e8,0.9562709793859393,0.9562709793859427,14,12,26,2,6.395755449695173e-7,0,0,0,0.00010021628162231727,0.00011491817508376502,9.457344130301874e-5,0,0
mixed_Af_radius_0.002,ordinary_participation,1.0e-7,0.0,0.0,0.0,NaN,NaN,0,0,0,0,6.395755449695173e-7,0,0,0,0.00010021628162231727,0.00010021628162231727,0.00010021628162231727,0,0
mixed_Af_radius_0.002,ordinary_participation,3.0e-7,0.0,0.0,0.0,NaN,NaN,0,0,0,0,6.395755449695173e-7,0,0,0,0.00010021628162231727,0.00010021628162231727,0.00010021628162231727,0,0
mixed_Af_radius_0.002,ordinary_participation,1.0e-6,0.0,0.0,0.0,NaN,NaN,0,0,0,0,6.395755449695173e-7,0,0,0,0.00010021628162231727,0.00010021628162231727,0.00010021628162231727,0,0
mixed_Af_radius_0.002,ordinary_participation,3.0e-6,0.0,0.0,0.0,NaN,NaN,0,0,0,0,6.395755449695173e-7,0,0,0,0.00010021628162231727,0.00010021628162231727,0.00010021628162231727,0,0
mixed_Af_radius_0.002,ordinary_participation,1.0e-5,0.0,0.0,0.0,NaN,NaN,0,0,0,0,6.395755449695173e-7,0,0,0,0.00010021628162231727,0.00010021628162231727,0.00010021628162231727,0,0
mixed_Af_radius_0.002,ordinary_participation,3.0e-5,0.0,0.0,0.0,NaN,NaN,0,0,0,0,6.395755449695173e-7,0,0,0,0.00010021628162231727,0.00010021628162231727,0.00010021628162231727,0,0
mixed_Af_radius_0.002,ordinary_participation,0.0001,1.7407332969268996e8,1.7407332969268957e8,1.70979991253334e8,1.0180918154029654,1.0180918154029632,0,1,1,1,6.395755449695173e-7,0,0,0,0.00010021628162231727,0.00010021628162231727,9.679668179725059e-5,0,0
mixed_Af_radius_0.002,ordinary_participation,0.0003,2.284281011626843e8,2.2842810116268405e8,2.110396861152652e8,1.0823940528319491,1.082394052831948,0,5,5,2,6.395755449695173e-7,0,0,0,0.00010021628162231727,0.00010021628162231727,8.755390045540136e-5,0,0
mixed_Af_radius_0.002,ordinary_participation,0.001,2.0270756893120515e8,2.0270756893120512e8,1.8675659360116675e8,1.0854105069195197,1.0854105069195197,6,11,17,2,6.395755449695173e-7,0,0,0,0.00010021628162231727,0.00011477345435623118,7.742213563599783e-5,0,0
mixed_Af_radius_0.006,technology_pivot_sensitive,1.0e-7,-1.985662975083173e8,-1.9835002165287733e8,-1.98350021406472e8,1.0010903759944754,1.0000000012422754,0,0,0,0,6.395755449695173e-7,0,0,0,0.0008763370935246757,0.0008763351100899471,0.0008763390770903753,0,0
mixed_Af_radius_0.006,technology_pivot_sensitive,3.0e-7,-1.9835002155715877e8,-1.9835002154732746e8,-1.9835002157090935e8,0.9999999999306751,0.9999999998811097,0,0,0,0,6.395755449695173e-7,0,0,0,0.0008763370935246757,0.0008763311436133724,0.0008763430446146667,0,0
mixed_Af_radius_0.006,technology_pivot_sensitive,1.0e-6,-9.72172954938941e9,-9.721729549390265e9,-9.833964925967577e9,0.9885869659467873,0.9885869659468742,0,1,1,1,6.395755449695173e-7,0,0,0,0.0008763370935246757,0.0008763172650707666,0.0008782840580559601,0,0
mixed_Af_radius_0.006,technology_pivot_sensitive,3.0e-6,-3.37279628650175e9,-3.372796286501611e9,-3.4118292397559295e9,0.9885595232025821,0.9885595232025415,0,1,1,1,6.395755449695173e-7,0,0,0,0.0008763370935246757,0.0008762776474525414,0.000878324744996395,0,0
mixed_Af_radius_0.006,technology_pivot_sensitive,1.0e-5,-1.1506696446431901e9,-1.150669644643087e9,-1.1640817490557714e9,0.9884783827051148,0.9884783827050261,0,1,1,1,6.395755449695173e-7,0,0,0,0.0008763370935246757,0.0008761393983346448,0.0008784675618327564,0,0
mixed_Af_radius_0.006,technology_pivot_sensitive,3.0e-5,-4.958959349373931e8,-4.9589593493749076e8,-5.148864477720631e8,0.9631170854916793,0.9631170854918689,0,2,2,2,6.395755449695173e-7,0,0,0,0.0008763370935246757,0.0008757479370842371,0.0008788372557708695,0,0
mixed_Af_radius_0.006,technology_pivot_sensitive,0.0001,-8.632151057906083e8,-8.632151057906262e8,-8.8848024131037e8,0.9715636495387905,0.9715636495388106,5,7,12,2,6.395755449695173e-7,0,0,0,0.0008763370935246757,0.0008692401534643577,0.0008870097582905651,0,0
mixed_Af_radius_0.006,technology_pivot_sensitive,0.0003,-9.585034422206792e8,-9.585034422206973e8,-1.0052131414022764e9,0.9535325422462773,0.9535325422462952,21,23,44,2,6.395755449695173e-7,0,0,0,0.0008763370935246757,0.0008584915670446275,0.000918804355528764,0,0
mixed_Af_radius_0.006,technology_pivot_sensitive,0.001,-8.636981321399295e8,-8.636981321399332e8,-9.528483314133474e8,0.9064382060246855,0.9064382060246894,65,68,133,2,6.395755449695173e-7,0,0,0,0.0008763370935246757,0.000910045796344391,0.0011006154626270605,0,0
mixed_Af_radius_0.006,normalized_technology_block,1.0e-7,1.8621762872831923e8,1.8621614270843565e8,1.8621614343832666e8,1.0000079761612777,0.9999999960804097,0,0,0,0,6.395755449695173e-7,0,0,0,0.0008763370935246757,0.0008763389556901193,0.0008763352313672506,0,0
mixed_Af_radius_0.006,normalized_technology_block,3.0e-7,1.8621613916387725e8,1.862161428264032e8,1.8621614240833458e8,0.9999999825769276,1.000000002245072,0,0,0,0,6.395755449695173e-7,0,0,0,0.0008763370935246757,0.0008763426800450169,0.0008763315070764724,0,0
mixed_Af_radius_0.006,normalized_technology_block,1.0e-6,-1.4523015910010818e10,1.8621614262461662e8,1.86216142614333e8,-77.99010175014219,1.000000000055224,0,0,0,0,6.395755449695173e-7,0,0,0,0.0008763370935246757,0.0008763557155396502,0.0008763184723111273,0,0
mixed_Af_radius_0.006,normalized_technology_block,3.0e-6,-3.077559147252619e9,-1.880333537711731e10,-1.8951441437736168e10,0.16239182425061208,0.9921849712009795,0,3,3,3,6.395755449695173e-7,0,0,0,0.0008763370935246757,0.0008763929619740113,0.000887763826836653,0,0
mixed_Af_radius_0.006,normalized_technology_block,1.0e-5,-2.225853443569165e9,-5.510632428550533e9,-5.555136857468741e9,0.4006838176410652,0.9919885990102345,0,3,3,3,6.395755449695173e-7,0,0,0,0.0008763370935246757,0.0008765233497402537,0.0008876336234551912,0,0
mixed_Af_radius_0.006,normalized_technology_block,3.0e-5,-2.0826744206908727e9,-3.8669078483369203e9,-3.81551101005325e9,0.5458441648322767,1.0134704992721153,3,4,7,6,6.395755449695173e-7,0,0,0,0.0008763370935246757,0.0008646001161341627,0.0008874931821944822,0,0
mixed_Af_radius_0.006,normalized_technology_block,0.0001,-7.753725839565997e8,-1.629907085548807e9,-1.6209226774127953e9,0.4783526042057699,1.0055427740392602,8,6,14,8,6.395755449695173e-7,0,0,0,0.0008763370935246757,0.0008553207553836797,0.0008877392089319356,0,0
mixed_Af_radius_0.006,normalized_technology_block,0.0003,-1.0391259966405702e9,-9.641890564043821e8,-9.732351099900581e8,1.0677029486237761,0.9907051713477862,16,24,40,14,6.395755449695173e-7,0,0,0,0.0008763370935246757,0.0008501256876657125,0.000908519794265116,0,0
mixed_Af_radius_0.006,normalized_technology_block,0.001,-9.144780798607427e8,-7.94699653034491e8,-8.092427254229196e8,1.1300417676078902,0.9820287882342985,65,78,143,14,6.395755449695173e-7,0,0,0,0.0008763370935246757,0.0008277911217296113,0.0009896396668141953,0,0
mixed_Af_radius_0.006,normalized_participation_block,1.0e-7,-8.690030660647309e7,-8.690276403911412e7,-8.690276470440724e7,0.9999717143874246,0.9999999923443963,0,0,0,0,6.395755449695173e-7,0,0,0,0.0008763370935246757,0.0008763362244983615,0.0008763379625536556,0,0
mixed_Af_radius_0.006,normalized_participation_block,3.0e-7,-8.690276416889504e7,-8.690276420364778e7,-8.690276456165397e7,0.9999999954804782,0.999999995880382,0,0,0,0,6.395755449695173e-7,0,0,0,0.0008763370935246757,0.0008763344864537274,0.0008763397006196011,0,0
mixed_Af_radius_0.006,normalized_participation_block,1.0e-6,1.259339426025719e10,-8.690276418440044e7,-8.690276416826928e7,-144.9136213420402,1.000000000185623,0,0,0,0,6.395755449695173e-7,0,0,0,0.0008763370935246757,0.0008763284033814575,0.0008763457839342911,0,0
mixed_Af_radius_0.006,normalized_participation_block,3.0e-6,4.988274804959769e9,1.7855128797710564e10,1.7989784928409462e10,0.2772837376772797,0.9925148560010715,1,0,1,1,6.395755449695173e-7,0,0,0,0.0008763370935246757,0.0008871570365097678,0.0008763631655527222,0,0
mixed_Af_radius_0.006,normalized_participation_block,1.0e-5,3.162825926351692e9,5.609969928050507e9,5.654371121747818e9,0.559359450989491,0.9921474567655215,3,0,3,3,6.395755449695173e-7,0,0,0,0.0008763370935246757,0.0008877327518524655,0.0008764240096089699,0,0
mixed_Af_radius_0.006,normalized_participation_block,3.0e-5,4.963839379970892e8,3.953575982441039e9,3.9013546227376437e9,0.12723373955909922,1.0133854429430849,4,2,6,5,6.395755449695173e-7,0,0,0,0.0008763370935246757,0.0008877904580609035,0.0008643823303244776,0,0
mixed_Af_radius_0.006,normalized_participation_block,0.0001,1.7659226357790885e9,1.672495538039701e9,1.644890051454435e9,1.073580957108735,1.0167825725256572,5,7,12,7,6.395755449695173e-7,0,0,0,0.0008763370935246757,0.0008874340244840945,0.0008545362234550058,0,0
mixed_Af_radius_0.006,normalized_participation_block,0.0003,8.365098634277371e8,4.99219328187434e8,4.9283378528513813e8,1.6973468305216917,1.0129567880550263,11,12,23,11,6.395755449695173e-7,0,0,0,0.0008763370935246757,0.0008864079214698071,0.0008568378943526988,0,0
mixed_Af_radius_0.006,normalized_participation_block,0.001,7.917985417196274e8,8.589516940489751e8,8.721696801552547e8,0.9078491946414367,0.9848447080802823,53,46,99,14,6.395755449695173e-7,0,0,0,0.0008763370935246757,0.0009906203788690613,0.0008161864428380104,0,0
mixed_Af_radius_0.006,participation_pivot_sensitive,1.0e-7,7.971781426902686e8,7.970861919689924e8,7.970861916686833e8,1.000115358944298,1.0000000003767586,0,0,0,0,6.395755449695173e-7,0,0,0,0.0008763370935246757,0.0008763450644972696,0.0008763291227734362,0,0
mixed_Af_radius_0.006,participation_pivot_sensitive,3.0e-7,7.970861914150898e8,7.970861914101988e8,7.970861913651067e8,1.0000000000627074,1.0000000000565712,0,0,0,0,6.395755449695173e-7,0,0,0,0.0008763370935246757,0.0008763610071065153,0.0008763131819350334,0,0
mixed_Af_radius_0.006,participation_pivot_sensitive,1.0e-6,7.970861914552985e8,7.970861914576963e8,7.970861934250909e8,0.9999999975287587,0.9999999975317668,0,0,0,0,6.395755449695173e-7,0,0,0,0.0008763370935246757,0.0008764168132117245,0.0008762573959730395,0,0
mixed_Af_radius_0.006,participation_pivot_sensitive,3.0e-6,3.866149229126323e9,3.8661492291263614e9,3.8734371501171527e9,0.9981184873515738,0.9981184873515836,1,0,1,1,6.395755449695173e-7,0,0,0,0.0008763370935246757,0.0008784221295612937,0.0008760980672712234,0,0
mixed_Af_radius_0.006,participation_pivot_sensitive,1.0e-5,1.717819728764863e9,1.7178197287649846e9,1.7201727174592893e9,0.9986321206757065,0.9986321206757772,1,0,1,1,6.395755449695173e-7,0,0,0,0.0008763370935246757,0.0008789814593406997,0.0008755411139057812,0,0
mixed_Af_radius_0.006,participation_pivot_sensitive,3.0e-5,3.9622426346132183e9,3.962242634613222e9,3.9802759593820624e9,0.9954693280182403,0.9954693280182413,4,1,5,2,6.395755449695173e-7,0,0,0,0.0008763370935246757,0.0008959535048129867,0.0008720718490566943,0,0
mixed_Af_radius_0.006,participation_pivot_sensitive,0.0001,4.2203181964928455e9,4.220318196492847e9,4.292401152454858e9,0.9832068454457507,0.983206845445751,11,4,15,2,6.395755449695173e-7,0,0,0,0.0008763370935246757,0.0009468341731462185,0.0008609861500971214,0,0
mixed_Af_radius_0.006,participation_pivot_sensitive,0.0003,4.307217991564081e9,4.307217991564082e9,4.380966472689558e9,0.9831661617167773,0.9831661617167775,27,20,47,2,6.395755449695173e-7,0,0,0,0.0008763370935246757,0.001040101367157201,0.0007772433787958275,0,0
mixed_Af_radius_0.006,participation_pivot_sensitive,0.001,4.535430742406621e9,4.53543074240662e9,4.617636557300795e9,0.9821974263513223,0.9821974263513221,83,77,160,2,6.395755449695173e-7,0,0,0,0.0008763370935246757,0.0014303896023054599,0.0005068622908453008,0,0
mixed_Af_radius_0.006,gamma,1.0e-7,7.970861919698313e8,7.970861919689924e8,7.970861916686833e8,1.0000000003778111,1.0000000003767586,0,0,0,0,6.395755449695173e-7,0,0,0,0.0008763370935246757,0.0008763450644972696,0.0008763291227734362,0,0
mixed_Af_radius_0.006,gamma,3.0e-7,7.970861914150898e8,7.970861914101988e8,7.970861913651067e8,1.0000000000627074,1.0000000000565712,0,0,0,0,6.395755449695173e-7,0,0,0,0.0008763370935246757,0.0008763610071065153,0.0008763131819350334,0,0
mixed_Af_radius_0.006,gamma,1.0e-6,7.970861914552985e8,7.970861914576963e8,7.970861934250909e8,0.9999999975287587,0.9999999975317668,0,0,0,0,6.395755449695173e-7,0,0,0,0.0008763370935246757,0.0008764168132117245,0.0008762573959730395,0,0
mixed_Af_radius_0.006,gamma,3.0e-6,3.866149229126323e9,3.8661492291263614e9,3.8734371501171527e9,0.9981184873515738,0.9981184873515836,1,0,1,1,6.395755449695173e-7,0,0,0,0.0008763370935246757,0.0008784221295612937,0.0008760980672712234,0,0
mixed_Af_radius_0.006,gamma,1.0e-5,1.717819728764863e9,1.7178197287649846e9,1.7201727174592893e9,0.9986321206757065,0.9986321206757772,1,0,1,1,6.395755449695173e-7,0,0,0,0.0008763370935246757,0.0008789814593406997,0.0008755411139057812,0,0
mixed_Af_radius_0.006,gamma,3.0e-5,3.9622426346132183e9,3.962242634613222e9,3.9802759593820624e9,0.9954693280182403,0.9954693280182413,4,1,5,2,6.395755449695173e-7,0,0,0,0.0008763370935246757,0.0008959535048129867,0.0008720718490566943,0,0
mixed_Af_radius_0.006,gamma,0.0001,4.2203181964928455e9,4.220318196492847e9,4.292401152454858e9,0.9832068454457507,0.983206845445751,11,4,15,2,6.395755449695173e-7,0,0,0,0.0008763370935246757,0.0009468341731462185,0.0008609861500971214,0,0
mixed_Af_radius_0.006,gamma,0.0003,4.307217991564081e9,4.307217991564082e9,4.380966472689558e9,0.9831661617167773,0.9831661617167775,27,20,47,2,6.395755449695173e-7,0,0,0,0.0008763370935246757,0.001040101367157201,0.0007772433787958275,0,0
mixed_Af_radius_0.006,gamma,0.001,4.535430742406621e9,4.53543074240662e9,4.617636557300795e9,0.9821974263513223,0.9821974263513221,83,77,160,2,6.395755449695173e-7,0,0,0,0.0008763370935246757,0.0014303896023054599,0.0005068622908453008,0,0
mixed_Af_radius_0.006,mixed,1.0e-7,6.090827976221683e8,6.090697616245598e8,6.090697616124418e8,1.0000214031471404,1.0000000000198959,0,0,0,0,6.395755449695173e-7,0,0,0,0.0008763370935246757,0.000876343184278842,0.0008763310028836097,0,0
mixed_Af_radius_0.006,mixed,3.0e-7,6.090697619183985e8,6.090697614041468e8,6.090697615184777e8,1.0000000006566092,0.999999999812286,0,0,0,0,6.395755449695173e-7,0,0,0,0.0008763370935246757,0.0008763553661265464,0.0008763188219408553,0,0
mixed_Af_radius_0.006,mixed,1.0e-6,6.090697630045885e8,6.090697614829987e8,6.090697621686375e8,1.0000000013725046,0.9999999988742853,0,0,0,0,6.395755449695173e-7,0,0,0,0.0008763370935246757,0.0008763980061566514,0.0008762761922042177,0,0
mixed_Af_radius_0.006,mixed,3.0e-6,5.023908640475538e9,3.6781266792938113e9,3.685344968304156e9,1.3632125848960441,0.9980413532322142,1,0,1,1,6.395755449695173e-7,0,0,0,0.0008763370935246757,0.0008783656304771629,0.0008761544234961804,0,0
mixed_Af_radius_0.006,mixed,1.0e-5,1.9335294589841943e9,2.482133006638847e9,2.495756654391143e9,0.774726756946539,0.9945412755973921,2,0,2,2,6.395755449695173e-7,0,0,0,0.0008763370935246757,0.0008807201025779213,0.000875728589269139,0,0
mixed_Af_radius_0.006,mixed,3.0e-5,3.0716388599818425e9,1.8620990351621683e9,1.8684472300859487e9,1.6439526953300934,0.9966024221494933,3,1,4,2,6.395755449695173e-7,0,0,0,0.0008763370935246757,0.0008838412483459037,0.0008726305649653881,0,0
mixed_Af_radius_0.006,mixed,0.0001,3.1688664537461605e9,3.90086523515827e9,3.9680925037827744e9,0.7985868400812951,0.9830580389543799,10,4,14,4,6.395755449695173e-7,0,0,0,0.0008763370935246757,0.0009430713378770642,0.0008637094878014087,0,0
mixed_Af_radius_0.006,mixed,0.0003,3.251404575538506e9,3.150129637125076e9,3.1539738256438923e9,1.0308914262707056,0.9987811602976662,21,18,39,4,6.395755449695173e-7,0,0,0,0.0008763370935246757,0.0009766323918886665,0.000787393962350033,0,0
mixed_Af_radius_0.006,mixed,0.001,3.4152178429004445e9,3.3430766219241133e9,3.368719090235387e9,1.0138030959007058,0.992388065723378,69,63,132,4,6.395755449695173e-7,0,0,0,0.0008763370935246757,0.0012613855806949098,0.0005876417626478323,0,0
mixed_Af_radius_0.006,ordinary_technology,1.0e-7,6.42766776951095e7,6.426852574571967e7,6.426852645988884e7,1.0001268309026152,0.9999999888877308,0,0,0,0,6.395755449695173e-7,0,0,0,0.0008763370935246757,0.000876337736212271,0.0008763364508417418,0,0
mixed_Af_radius_0.006,ordinary_technology,3.0e-7,6.426852559906123e7,6.426852559981247e7,6.4268525493141904e7,1.0000000016480746,1.0000000016597637,0,0,0,0,6.395755449695173e-7,0,0,0,0.0008763370935246757,0.0008763390216013536,0.000876335165489824,0,0
mixed_Af_radius_0.006,ordinary_technology,1.0e-6,6.426852563970464e7,6.426852564420551e7,6.4268525619632155e7,1.0000000003123222,1.0000000003823544,0,0,0,0,6.395755449695173e-7,0,0,0,0.0008763370935246757,0.0008763435206096659,0.0008763306669045419,0,0
mixed_Af_radius_0.006,ordinary_technology,3.0e-6,3.2387302649549236e9,3.23873026495489e9,3.275921320524278e9,0.9886471462741351,0.9886471462741246,1,0,1,1,6.395755449695173e-7,0,0,0,0.0008763370935246757,0.0008782833678512023,0.0008763178150588877,0,0
mixed_Af_radius_0.006,ordinary_technology,1.0e-5,1.0166036229310449e9,1.0166036229311488e9,1.028173830519292e9,0.9887468371156622,0.9887468371157633,1,0,1,1,6.395755449695173e-7,0,0,0,0.0008763370935246757,0.0008783291959033691,0.0008762728482423305,0,0
mixed_Af_radius_0.006,ordinary_technology,3.0e-5,3.8171029666722596e8,3.8171029666724306e8,3.8596026379719776e8,0.9889885889076785,0.9889885889077228,1,0,1,1,6.395755449695173e-7,0,0,0,0.0008763370935246757,0.0008784602587199069,0.0008761444971371237,0,0
mixed_Af_radius_0.006,ordinary_technology,0.0001,2.6113504922288036e8,2.6113504922288468e8,2.6300643624613717e8,0.9928846341178302,0.9928846341178467,2,1,3,2,6.395755449695173e-7,0,0,0,0.0008763370935246757,0.0008800076460785787,0.000874747517353656,0,0
mixed_Af_radius_0.006,ordinary_technology,0.0003,2.909575811467413e8,2.90957581146732e8,2.9350959975301725e8,0.9913051613697696,0.991305161369738,5,4,9,2,6.395755449695173e-7,0,0,0,0.0008763370935246757,0.0008865614710682517,0.0008689508950830707,0,0
mixed_Af_radius_0.006,ordinary_technology,0.001,2.944015981312e8,2.944015981311975e8,2.967126671909353e8,0.9922110873067373,0.9922110873067289,15,14,29,2,6.395755449695173e-7,0,0,0,0.0008763370935246757,0.0009112907957404751,0.000851948262302288,0,0
mixed_Af_radius_0.006,ordinary_participation,1.0e-7,0.0,0.0,0.0,NaN,NaN,0,0,0,0,6.395755449695173e-7,0,0,0,0.0008763370935246757,0.0008763370935246757,0.0008763370935246757,0,0
mixed_Af_radius_0.006,ordinary_participation,3.0e-7,0.0,0.0,0.0,NaN,NaN,0,0,0,0,6.395755449695173e-7,0,0,0,0.0008763370935246757,0.0008763370935246757,0.0008763370935246757,0,0
mixed_Af_radius_0.006,ordinary_participation,1.0e-6,0.0,0.0,0.0,NaN,NaN,0,0,0,0,6.395755449695173e-7,0,0,0,0.0008763370935246757,0.0008763370935246757,0.0008763370935246757,0,0
mixed_Af_radius_0.006,ordinary_participation,3.0e-6,0.0,0.0,0.0,NaN,NaN,0,0,0,0,6.395755449695173e-7,0,0,0,0.0008763370935246757,0.0008763370935246757,0.0008763370935246757,0,0
mixed_Af_radius_0.006,ordinary_participation,1.0e-5,0.0,0.0,0.0,NaN,NaN,0,0,0,0,6.395755449695173e-7,0,0,0,0.0008763370935246757,0.0008763370935246757,0.0008763370935246757,0,0
mixed_Af_radius_0.006,ordinary_participation,3.0e-5,0.0,0.0,0.0,NaN,NaN,0,0,0,0,6.395755449695173e-7,0,0,0,0.0008763370935246757,0.0008763370935246757,0.0008763370935246757,0,0
mixed_Af_radius_0.006,ordinary_participation,0.0001,-4.990363335524383e7,-4.990363335523754e7,-4.8004622211610936e7,1.0395589227900137,1.0395589227898827,1,0,1,1,6.395755449695173e-7,0,0,0,0.0008763370935246757,0.0008753770010804435,0.0008763370935246757,0,0
mixed_Af_radius_0.006,ordinary_participation,0.0003,7.481571055130287e8,7.481571055130289e8,7.714752387425485e8,0.9697746187323826,0.9697746187323827,6,1,7,2,6.395755449695173e-7,0,0,0,0.0008763370935246757,0.0009237011047400881,0.0008774125904155352,0,0
mixed_Af_radius_0.006,ordinary_participation,0.001,6.815415318869407e8,6.815415318869413e8,7.008974998788182e8,0.9723840247750577,0.9723840247750586,12,8,20,2,6.395755449695173e-7,0,0,0,0.0008763370935246757,0.000973739213060553,0.0008335597130847893,0,0
mixed_Af_radius_0.015,technology_pivot_sensitive,1.0e-7,-5.202113541151465e8,-5.1535088162869215e8,-5.153508810234325e8,1.0094313860142465,1.0000000011744612,0,0,0,0,6.395755449695173e-7,0,0,0,0.006508105378772975,0.006508100225330159,0.00650811053234778,0,0
mixed_Af_radius_0.015,technology_pivot_sensitive,3.0e-7,-5.153508818091698e8,-5.1535088182737434e8,-5.1535088196307445e8,0.9999999997013596,0.9999999997366841,0,0,0,0,6.395755449695173e-7,0,0,0,0.006508105378772975,0.006508089918840616,0.006508120839893534,0,0
mixed_Af_radius_0.015,technology_pivot_sensitive,1.0e-6,-5.1535088172355306e8,-5.153508817218244e8,-5.1535088175201637e8,0.9999999999447691,0.9999999999414148,0,0,0,0,6.395755449695173e-7,0,0,0,0.006508105378772975,0.006508053850285844,0.0065081569204621945,0,0
mixed_Af_radius_0.015,technology_pivot_sensitive,3.0e-6,-5.153508817523633e8,-5.1535088175162673e8,-5.153508810190957e8,1.0000000014228512,1.0000000014214219,0,0,0,0,6.395755449695173e-7,0,0,0,0.006508105378772975,0.006507950832918105,0.006508260043446717,0,0
mixed_Af_radius_0.015,technology_pivot_sensitive,1.0e-5,-5.1535088181194335e8,-5.153508818112313e8,-5.1535087411532986e8,1.0000000149347055,1.0000000149333237,0,0,0,0,6.395755449695173e-7,0,0,0,0.006508105378772975,0.006507590688004055,0.006508621389752286,0,0
mixed_Af_radius_0.015,technology_pivot_sensitive,3.0e-5,-2.0447282010658798e9,-2.0447282010658333e9,-2.0560508987532294e9,0.9944929876520977,0.9944929876520752,1,2,3,2,6.395755449695173e-7,0,0,0,0.006508105378772975,0.006502015858392111,0.00651435216378463,0,0
mixed_Af_radius_0.015,technology_pivot_sensitive,0.0001,-1.8931110272329826e9,-1.8931110272330418e9,-1.9123783531669028e9,0.9899249403748932,0.9899249403749241,5,6,11,2,6.395755449695173e-7,0,0,0,0.006508105378772975,0.006490428337197099,0.006528675904260437,0,0
mixed_Af_radius_0.015,technology_pivot_sensitive,0.0003,-2.27407542755643e9,-2.274075427556423e9,-2.2872382414503593e9,0.9942451058856104,0.9942451058856074,21,21,42,2,6.395755449695173e-7,0,0,0,0.006508105378772975,0.006445195347042781,0.006582429641529802,0,0
mixed_Af_radius_0.015,technology_pivot_sensitive,0.001,-2.2255859731653113e9,-2.225585973165303e9,-2.316255066698988e9,0.9608553069835726,0.960855306983569,65,68,133,2,6.395755449695173e-7,0,0,0,0.006508105378772975,0.006405565476719048,0.006868816490058846,0,0
mixed_Af_radius_0.015,normalized_technology_block,1.0e-7,5.158456730008484e8,5.158450526744127e8,5.158450511362489e8,1.0000012055259582,1.000000002981833,0,0,0,0,6.395755449695173e-7,0,0,0,0.006508105378772975,0.006508110537228398,0.0065081002203273754,0,0
mixed_Af_radius_0.015,normalized_technology_block,3.0e-7,5.1584501797992235e8,5.1584504952033365e8,5.158450498785744e8,0.9999999381623377,0.9999999993055265,0,0,0,0,6.395755449695173e-7,0,0,0,0.006508105378772975,0.006508120854168837,0.0065080899034658446,0,0
mixed_Af_radius_0.015,normalized_technology_block,1.0e-6,-4.984567662416717e10,5.158450503461063e8,5.1584505050741166e8,-96.62916524087302,0.9999999996872988,0,0,0,0,6.395755449695173e-7,0,0,0,0.006508105378772975,0.006508156963771023,0.006508053794760922,0,0
mixed_Af_radius_0.015,normalized_technology_block,3.0e-6,-1.6271275841059982e10,-6.45006283296893e10,-6.482505655190102e10,0.25100287923440034,0.994995326815458,0,2,2,2,6.395755449695173e-7,0,0,0,0.006508105378772975,0.006508260136725364,0.006547155170656504,0,0
mixed_Af_radius_0.015,normalized_technology_block,1.0e-5,-1.611875798972501e10,-1.8989024737188965e10,-1.9086444894924038e10,0.844513374725522,0.9948958458072523,0,2,2,2,6.395755449695173e-7,0,0,0,0.006508105378772975,0.006508621273126801,0.006546794162916649,0,0
mixed_Af_radius_0.015,normalized_technology_block,3.0e-5,-5.982810687126665e9,-2.7952580457317085e10,-2.7901303645300045e10,0.21442763976852622,1.001837792694883,4,4,8,6,6.395755449695173e-7,0,0,0,0.006508105378772975,0.006421039789089443,0.006588447610961243,0,0
mixed_Af_radius_0.015,normalized_technology_block,0.0001,-1.7737206081617332e9,-1.0569632368435114e10,-1.053255548865927e10,0.16840363291430588,1.0035202168947286,9,7,16,9,6.395755449695173e-7,0,0,0,0.006508105378772975,0.006385660969549784,0.006596312079322969,0,0
mixed_Af_radius_0.015,normalized_technology_block,0.0003,-3.449989643985107e9,-5.271764829874461e9,-5.2118618297184305e9,0.6619495598123889,1.0114935894529014,20,23,43,14,6.395755449695173e-7,0,0,0,0.006508105378772975,0.006272923196851599,0.006585634906634705,0,0
mixed_Af_radius_0.015,normalized_technology_block,0.001,-3.6365929698447623e9,-3.119544815821517e9,-3.0843088855253034e9,1.1790625079450812,1.011424254704701,71,74,145,14,6.395755449695173e-7,0,0,0,0.006508105378772975,0.00615807272505363,0.00677493450215869,0,0
mixed_Af_radius_0.015,normalized_participation_block,1.0e-7,-2.637942428984034e8,-2.63826049156487e8,-2.6382604915824172e8,0.9998794423070058,0.9999999999933489,0,0,0,0,6.395755449695173e-7,0,0,0,0.006508105378772975,0.006508102740514432,0.006508108017035415,0,0
mixed_Af_radius_0.015,normalized_participation_block,3.0e-7,-2.6382604957131553e8,-2.6382604967802763e8,-2.6382604927388996e8,1.0000000011273549,1.0000000015318338,0,0,0,0,6.395755449695173e-7,0,0,0,0.006508105378772975,0.006508097464009016,0.0065081132935719726,0,0
mixed_Af_radius_0.015,normalized_participation_block,1.0e-6,5.186540694008995e10,-2.638260496109724e8,-2.6382604957023853e8,-196.5894081519869,1.0000000001543967,0,0,0,0,6.395755449695173e-7,0,0,0,0.006508105378772975,0.006508078996362694,0.006508131761572608,0,0
mixed_Af_radius_0.015,normalized_participation_block,3.0e-6,-8.305301197421533e10,6.999567191759746e10,7.030056649070734e10,-1.1813989007498777,0.9956629855443601,1,0,1,1,6.395755449695173e-7,0,0,0,0.006508105378772975,0.006550364868234517,0.006508184528340092,0,0
mixed_Af_radius_0.015,normalized_participation_block,1.0e-5,5.198928179244497e10,1.924114691864289e10,1.9338441773792713e10,2.688390429827722,0.9949688368748678,2,0,2,2,6.395755449695173e-7,0,0,0,0.006508105378772975,0.006547046107839622,0.006508369224292036,0,0
mixed_Af_radius_0.015,normalized_participation_block,3.0e-5,1.7505122145074085e10,2.0374003660235928e10,2.040877899896614e10,0.8577251067278867,0.9982960598117127,4,2,6,5,6.395755449695173e-7,0,0,0,0.006508105378772975,0.00658920253264438,0.006466749858650583,0,0
mixed_Af_radius_0.015,normalized_participation_block,0.0001,9.018713076126438e9,1.0269123241178392e10,1.021421067496464e10,0.8829574171826703,1.0053760949290331,5,8,13,7,6.395755449695173e-7,0,0,0,0.006508105378772975,0.006588363976004046,0.006384079762504753,0,0
mixed_Af_radius_0.015,normalized_participation_block,0.0003,4.1129598021415567e9,4.86434791687917e9,4.80190473274741e9,0.8565267390859558,1.0130038365205205,11,15,26,12,6.395755449695173e-7,0,0,0,0.006508105378772975,0.006588092762844751,0.0062999784788799066,0,0
mixed_Af_radius_0.015,normalized_participation_block,0.001,2.3519298147386575e9,3.262519634805735e9,3.2275567804651313e9,0.7287028469874711,1.0108326070519402,51,51,102,14,6.395755449695173e-7,0,0,0,0.006508105378772975,0.00678299915386315,0.006137487797770124,0,0
mixed_Af_radius_0.015,participation_pivot_sensitive,1.0e-7,2.369431585658166e9,2.3684060455858707e9,2.3684060446779037e9,1.0004330089355105,1.0000000003833662,0,0,0,0,6.395755449695173e-7,0,0,0,0.006508105378772975,0.006508129062986251,0.006508081694865358,0,0
mixed_Af_radius_0.015,participation_pivot_sensitive,3.0e-7,2.3684060453062673e9,2.368406045312683e9,2.3684060454585295e9,0.9999999999357111,0.99999999993842,0,0,0,0,6.395755449695173e-7,0,0,0,0.006508105378772975,0.006508176432330199,0.006508034327967471,0,0
mixed_Af_radius_0.015,participation_pivot_sensitive,1.0e-6,2.3684060446014786e9,2.368406044598669e9,2.368406047119527e9,0.9999999989368173,0.9999999989356311,0,0,0,0,6.395755449695173e-7,0,0,0,0.006508105378772975,0.006508342234665306,0.006507868553455882,0,0
mixed_Af_radius_0.015,participation_pivot_sensitive,3.0e-6,1.507307455809762e11,1.507307455809762e11,1.5066868209285638e11,1.0004119202959614,1.0004119202959614,1,1,2,1,6.395755449695173e-7,0,0,0,0.006508105378772975,0.006551156231736586,0.0064607550224808725,0,0
mixed_Af_radius_0.015,participation_pivot_sensitive,1.0e-5,4.9448191888023575e10,4.944819188802354e10,4.9430624705592415e10,1.0003553906618778,1.0003553906618772,2,1,3,2,6.395755449695173e-7,0,0,0,0.006508105378772975,0.0065579602027889304,0.006459098953377746,0,0
mixed_Af_radius_0.015,participation_pivot_sensitive,3.0e-5,3.519155784174866e10,3.519155784174887e10,3.4923593884483185e10,1.0076728631695757,1.007672863169582,3,4,7,2,6.395755449695173e-7,0,0,0,0.006508105378772975,0.006567693414572361,0.006358151851265462,0,0
mixed_Af_radius_0.015,participation_pivot_sensitive,0.0001,1.4193056617287245e10,1.419305661728721e10,1.4104280210256327e10,1.0062942883796624,1.00629428837966,6,9,15,2,6.395755449695173e-7,0,0,0,0.006508105378772975,0.006599426168932203,0.006317340564727076,0,0
mixed_Af_radius_0.015,participation_pivot_sensitive,0.0003,1.3573834819194214e10,1.3573834819194216e10,1.3471417096226898e10,1.0076025946072147,1.007602594607215,22,25,47,2,6.395755449695173e-7,0,0,0,0.006508105378772975,0.00685345450244278,0.006045169476669166,0,0
mixed_Af_radius_0.015,participation_pivot_sensitive,0.001,1.4115602196058987e10,1.4115602196058985e10,1.3942595760015135e10,1.0124084811050753,1.0124084811050753,76,83,159,2,6.395755449695173e-7,0,0,0,0.006508105378772975,0.007874572798985393,0.005086053646982366,0,0
mixed_Af_radius_0.015,gamma,1.0e-7,2.3684060455664296e9,2.3684060455858707e9,2.3684060446779037e9,1.0000000003751577,1.0000000003833662,0,0,0,0,6.395755449695173e-7,0,0,0,0.006508105378772975,0.006508129062986251,0.006508081694865358,0,0
mixed_Af_radius_0.015,gamma,3.0e-7,2.3684060453062673e9,2.368406045312683e9,2.3684060454585295e9,0.9999999999357111,0.99999999993842,0,0,0,0,6.395755449695173e-7,0,0,0,0.006508105378772975,0.006508176432330199,0.006508034327967471,0,0
mixed_Af_radius_0.015,gamma,1.0e-6,2.3684060446014786e9,2.368406044598669e9,2.368406047119527e9,0.9999999989368173,0.9999999989356311,0,0,0,0,6.395755449695173e-7,0,0,0,0.006508105378772975,0.006508342234665306,0.006507868553455882,0,0
mixed_Af_radius_0.015,gamma,3.0e-6,1.507307455809762e11,1.507307455809762e11,1.5066868209285638e11,1.0004119202959614,1.0004119202959614,1,1,2,1,6.395755449695173e-7,0,0,0,0.006508105378772975,0.006551156231736586,0.0064607550224808725,0,0
mixed_Af_radius_0.015,gamma,1.0e-5,4.9448191888023575e10,4.944819188802354e10,4.9430624705592415e10,1.0003553906618778,1.0003553906618772,2,1,3,2,6.395755449695173e-7,0,0,0,0.006508105378772975,0.0065579602027889304,0.006459098953377746,0,0
mixed_Af_radius_0.015,gamma,3.0e-5,3.519155784174866e10,3.519155784174887e10,3.4923593884483185e10,1.0076728631695757,1.007672863169582,3,4,7,2,6.395755449695173e-7,0,0,0,0.006508105378772975,0.006567693414572361,0.006358151851265462,0,0
mixed_Af_radius_0.015,gamma,0.0001,1.4193056617287245e10,1.419305661728721e10,1.4104280210256327e10,1.0062942883796624,1.00629428837966,6,9,15,2,6.395755449695173e-7,0,0,0,0.006508105378772975,0.006599426168932203,0.006317340564727076,0,0
mixed_Af_radius_0.015,gamma,0.0003,1.3573834819194214e10,1.3573834819194216e10,1.3471417096226898e10,1.0076025946072147,1.007602594607215,22,25,47,2,6.395755449695173e-7,0,0,0,0.006508105378772975,0.00685345450244278,0.006045169476669166,0,0
mixed_Af_radius_0.015,gamma,0.001,1.4115602196058987e10,1.4115602196058985e10,1.3942595760015135e10,1.0124084811050753,1.0124084811050753,76,83,159,2,6.395755449695173e-7,0,0,0,0.006508105378772975,0.007874572798985393,0.005086053646982366,0,0
mixed_Af_radius_0.015,mixed,1.0e-7,1.7855957441280034e9,1.7854254639148712e9,1.7854254630734339e9,1.000095372816223,1.0000000004712812,0,0,0,0,6.395755449695173e-7,0,0,0,0.006508105378772975,0.006508123233105243,0.006508087524595981,0,0
mixed_Af_radius_0.015,mixed,3.0e-7,1.7854254666406126e9,1.7854254629587135e9,1.7854254643166525e9,1.0000000013016281,0.9999999992394312,0,0,0,0,6.395755449695173e-7,0,0,0,0.006508105378772975,0.00650815894223588,0.006508051816708021,0,0
mixed_Af_radius_0.015,mixed,1.0e-6,1.7854254734833107e9,1.7854254624061286e9,1.785425463207875e9,1.0000000057551748,0.9999999995509494,0,0,0,0,6.395755449695173e-7,0,0,0,0.006508105378772975,0.006508283929086215,0.006507926843993574,0,0
mixed_Af_radius_0.015,mixed,3.0e-6,1.0669344185829869e11,1.785425462540239e9,1.7854254704619105e9,59.757992491669704,0.9999999955631464,0,0,0,0,6.395755449695173e-7,0,0,0,0.006508105378772975,0.006508641076316846,0.006507569821034569,0,0
mixed_Af_radius_0.015,mixed,1.0e-5,3.507586159925814e10,4.886520942313894e10,4.8847617382957115e10,0.71806699033587,1.0003601412131098,2,1,3,2,6.395755449695173e-7,0,0,0,0.006508105378772975,0.006557376260607144,0.006459681025841229,0,0
mixed_Af_radius_0.015,mixed,3.0e-5,2.4994902037406563e10,3.3780369009107723e10,3.3511098023185448e10,0.7458693839310562,1.0080352779170643,2,4,6,2,6.395755449695173e-7,0,0,0,0.006508105378772975,0.00656095465619336,0.006359888068054247,0,0
mixed_Af_radius_0.015,mixed,0.0001,1.0630064168193407e10,1.3218115773098766e10,1.313533750961788e10,0.8092722520765016,1.0063019517709595,6,8,14,4,6.395755449695173e-7,0,0,0,0.006508105378772975,0.006593144141167746,0.006330437390975389,0,0
mixed_Af_radius_0.015,mixed,0.0003,1.000176285094221e10,1.2479175170542797e10,1.2380847238675241e10,0.8078415522080542,1.0079419388650883,20,22,42,4,6.395755449695173e-7,0,0,0,0.006508105378772975,0.006821381436552018,0.006078530602231504,0,0
mixed_Af_radius_0.015,mixed,0.001,1.0476556285334291e10,1.0471719805893976e10,1.0439500692434422e10,1.0035495560555616,1.0030862695840332,66,67,133,4,6.395755449695173e-7,0,0,0,0.006508105378772975,0.007564216998105925,0.00547631685961904,0,0
mixed_Af_radius_0.015,ordinary_technology,1.0e-7,1.5667073068569016e8,1.565668586269021e8,1.5656685678835934e8,1.0006634475486165,1.0000000117428605,0,0,0,0,6.395755449695173e-7,0,0,0,0.006508105378772975,0.006508106944443852,0.006508103813106716,0,0
mixed_Af_radius_0.015,ordinary_technology,3.0e-7,1.5656685898109612e8,1.5656685898701352e8,1.5656685819059417e8,1.0000000050489737,1.0000000050867683,0,0,0,0,6.395755449695173e-7,0,0,0,0.006508105378772975,0.006508110075799667,0.0065081006817881756,0,0
mixed_Af_radius_0.015,ordinary_technology,1.0e-6,1.5656685889403608e8,1.5656685891374946e8,1.5656685898278454e8,0.9999999994331594,0.9999999995590696,0,0,0,0,6.395755449695173e-7,0,0,0,0.006508105378772975,0.0065081210356919385,0.006508089722320142,0,0
mixed_Af_radius_0.015,ordinary_technology,3.0e-6,1.565668589205704e8,1.565668589224418e8,1.5656685898567575e8,0.9999999995841691,0.9999999995961218,0,0,0,0,6.395755449695173e-7,0,0,0,0.006508105378772975,0.006508152350928218,0.006508058410812826,0,0
mixed_Af_radius_0.015,ordinary_technology,1.0e-5,1.5656685892825872e8,1.5656685892902315e8,1.5656685895155954e8,0.9999999998511765,0.9999999998560589,0,0,0,0,6.395755449695173e-7,0,0,0,0.006508105378772975,0.006508261968938298,0.006507948835220395,0,0
mixed_Af_radius_0.015,ordinary_technology,3.0e-5,1.5656685893739957e8,1.5656685893746713e8,1.5656685910884112e8,0.9999999989049946,0.9999999989054261,0,0,0,0,6.395755449695173e-7,0,0,0,0.006508105378772975,0.006508575289107637,0.006507635887952984,0,0
mixed_Af_radius_0.015,ordinary_technology,0.0001,8.400792301166447e8,8.400792301167548e8,8.401187385164571e8,0.9999529728382418,0.9999529728383727,2,2,4,2,6.395755449695173e-7,0,0,0,0.006508105378772975,0.0065166066624367585,0.006499804287666429,0,0
mixed_Af_radius_0.015,ordinary_technology,0.0003,5.707194798421904e8,5.707194798421488e8,5.728645149133173e8,0.996255597937583,0.9962555979375104,4,3,7,2,6.395755449695173e-7,0,0,0,0.006508105378772975,0.00652666026381538,0.006492288392920581,0,0
mixed_Af_radius_0.015,ordinary_technology,0.001,7.00325668486156e8,7.003256684861667e8,6.98686650328034e8,1.0023458558387404,1.0023458558387557,14,15,29,2,6.395755449695173e-7,0,0,0,0.006508105378772975,0.006579808104959885,0.006440070774894278,0,0
mixed_Af_radius_0.015,ordinary_participation,1.0e-7,0.0,0.0,0.0,NaN,NaN,0,0,0,0,6.395755449695173e-7,0,0,0,0.006508105378772975,0.006508105378772975,0.006508105378772975,0,0
mixed_Af_radius_0.015,ordinary_participation,3.0e-7,0.0,0.0,0.0,NaN,NaN,0,0,0,0,6.395755449695173e-7,0,0,0,0.006508105378772975,0.006508105378772975,0.006508105378772975,0,0
mixed_Af_radius_0.015,ordinary_participation,1.0e-6,0.0,0.0,0.0,NaN,NaN,0,0,0,0,6.395755449695173e-7,0,0,0,0.006508105378772975,0.006508105378772975,0.006508105378772975,0,0
mixed_Af_radius_0.015,ordinary_participation,3.0e-6,0.0,0.0,0.0,NaN,NaN,0,0,0,0,6.395755449695173e-7,0,0,0,0.006508105378772975,0.006508105378772975,0.006508105378772975,0,0
mixed_Af_radius_0.015,ordinary_participation,1.0e-5,4.4508720197974365e10,4.4508720197974884e10,4.449016296945683e10,1.000417108575895,1.0004171085759068,1,1,2,1,6.395755449695173e-7,0,0,0,0.006508105378772975,0.006550445550799781,0.006461465224860867,0,0
mixed_Af_radius_0.015,ordinary_participation,3.0e-5,1.483624006599144e10,1.483624006599163e10,1.4830054323152277e10,1.0004171085758942,1.000417108575907,1,1,2,1,6.395755449695173e-7,0,0,0,0.006508105378772975,0.006550445550799781,0.006461465224860867,0,0
mixed_Af_radius_0.015,ordinary_participation,0.0001,8.980509657714077e9,8.98050965771407e9,8.902846563949669e9,1.0087234002300893,1.0087234002300884,2,3,5,2,6.395755449695173e-7,0,0,0,0.006508105378772975,0.006548250121742921,0.006370193190463927,0,0
mixed_Af_radius_0.015,ordinary_participation,0.0003,2.956081524886348e9,2.95608152488634e9,2.9289837014565206e9,1.009251612911452,1.0092516129114493,2,4,6,2,6.395755449695173e-7,0,0,0,0.006508105378772975,0.006548250121742921,0.0063725110996555295,0,0
mixed_Af_radius_0.015,ordinary_participation,0.001,2.3962724585229053e9,2.3962724585229044e9,2.361382299752735e9,1.0147753113817375,1.0147753113817373,6,12,18,2,6.395755449695173e-7,0,0,0,0.006508105378772975,0.006685611184398966,0.006213334724448419,0,0
mixed_Af_radius_0.030,technology_pivot_sensitive,1.0e-7,-9.482457014042822e8,-8.421061778068542e8,-8.421061639674044e8,1.1260405658792758,1.0000000164343292,0,0,0,0,6.395755449695173e-7,0,0,0,0.06715844387868353,0.06715843545769175,0.06715845229981503,0,0
mixed_Af_radius_0.030,technology_pivot_sensitive,3.0e-7,-8.421061771513028e8,-8.4210617740949e8,-8.421061773825992e8,0.9999999997253358,1.0000000000319327,0,0,0,0,6.395755449695173e-7,0,0,0,0.06715844387868353,0.06715841861612626,0.0671584691424969,0,0
mixed_Af_radius_0.030,technology_pivot_sensitive,1.0e-6,-8.421061771166083e8,-8.421061771512032e8,-8.421061767349691e8,1.000000000453196,1.0000000004942773,0,0,0,0,6.395755449695173e-7,0,0,0,0.06715844387868353,0.06715835967504372,0.06715852809627906,0,0
mixed_Af_radius_0.030,technology_pivot_sensitive,3.0e-6,-8.421061772785157e8,-8.421061772902806e8,-8.421061767580988e8,1.0000000006179943,1.0000000006319651,0,0,0,0,6.395755449695173e-7,0,0,0,0.06715844387868353,0.06715819130963026,0.06715869657333631,0,0
mixed_Af_radius_0.030,technology_pivot_sensitive,1.0e-5,-1.0283133856734545e10,-1.0283133856737614e10,-1.0233058413917917e10,1.0048934972117936,1.0048934972120933,2,0,2,1,6.395755449695173e-7,0,0,0,0.06715844387868353,0.06713882056579831,0.06715928668262615,0,0
mixed_Af_radius_0.030,technology_pivot_sensitive,3.0e-5,-5.193709740024255e9,-5.193709740026792e9,-5.185400438631471e9,1.0016024416033291,1.0016024416038183,2,2,4,2,6.395755449695173e-7,0,0,0,0.06715844387868353,0.06713716153008065,0.06716827393271244,0,0
mixed_Af_radius_0.030,technology_pivot_sensitive,0.0001,-3.6667058155515766e9,-3.666705815551281e9,-3.667481549089052e9,0.9997884833155689,0.9997884833154883,6,6,12,2,6.395755449695173e-7,0,0,0,0.06715844387868353,0.0671167085020091,0.06719005813299088,0,0
mixed_Af_radius_0.030,technology_pivot_sensitive,0.0003,-3.7885850093033237e9,-3.7885850093034906e9,-3.823178025550341e9,0.990951764208773,0.9909517642088166,20,21,41,2,6.395755449695173e-7,0,0,0,0.06715844387868353,0.06704954514849859,0.06727893583003161,0,0
mixed_Af_radius_0.030,technology_pivot_sensitive,0.001,-3.7411388705814104e9,-3.741138870581329e9,-3.806206228091774e9,0.9829049311542468,0.9829049311542254,68,68,136,2,6.395755449695173e-7,0,0,0,0.06715844387868353,0.06689051580483954,0.0676517570504579,0,0
mixed_Af_radius_0.030,normalized_technology_block,1.0e-7,1.0234561572136245e9,1.0232836812734604e9,1.0232836723800265e9,1.0001685601346466,1.0000000086910739,0,0,0,0,6.395755449695173e-7,0,0,0,0.06715844387868353,0.06715845411152785,0.0671584336458544,0,0
mixed_Af_radius_0.030,normalized_technology_block,3.0e-7,1.0232820792709738e9,1.0232836701472601e9,1.0232836619716856e9,0.9999984533118521,1.0000000079895486,0,0,0,0,6.395755449695173e-7,0,0,0,0.06715844387868353,0.06715847457726087,0.06715841318024116,0,0
mixed_Af_radius_0.030,normalized_technology_block,1.0e-6,-1.6927377287593699e12,1.023283669769764e9,1.0232836691187464e9,-1654.2213853731864,1.0000000006362044,0,0,0,0,6.395755449695173e-7,0,0,0,0.06715844387868353,0.06715854620779933,0.06715834155106551,0,0
mixed_Af_radius_0.030,normalized_technology_block,3.0e-6,-5.635607729471852e11,-2.185613558861474e12,-2.2355894457362173e12,0.25208598744372546,0.977645319908779,0,2,2,2,6.395755449695173e-7,0,0,0,0.06715844387868353,0.06715875087052448,0.0685001045379662,0,0
mixed_Af_radius_0.030,normalized_technology_block,1.0e-5,-4.9698384377941486e11,-1.3225340713903784e12,-1.3229691690571572e12,0.37565791811581006,0.9996711203277028,1,2,3,3,6.395755449695173e-7,0,0,0,0.06715844387868353,0.06585345290873713,0.06849939124685145,0,0
mixed_Af_radius_0.030,normalized_technology_block,3.0e-5,-1.6153207194292575e11,-6.486127479181925e11,-6.3538477866427e11,0.25422716654072924,1.0208188324588618,4,3,7,6,6.395755449695173e-7,0,0,0,0.06715844387868353,0.06468775065439922,0.06850005932638484,0,0
mixed_Af_radius_0.030,normalized_technology_block,0.0001,-6.5178687673413605e10,-3.169658897653431e11,-2.9825940934253973e11,0.21853019764603077,1.0627188274262276,12,6,18,10,6.395755449695173e-7,0,0,0,0.06715844387868353,0.06253934313924386,0.06850453132609466,0,0
mixed_Af_radius_0.030,normalized_technology_block,0.0003,-9.536778922542528e10,-1.4591639539553384e11,-1.3211344259113242e11,0.7218628729596549,1.104478034435293,22,21,43,14,6.395755449695173e-7,0,0,0,0.06715844387868353,0.060555742600771637,0.06848254915623958,0,0
mixed_Af_radius_0.030,normalized_technology_block,0.001,-1.1002141213133403e11,-8.97755360282911e10,-8.414173287266502e10,1.3075724539430835,1.0669561104018612,71,72,143,14,6.395755449695173e-7,0,0,0,0.06715844387868353,0.057463393324190974,0.07429173989872398,0,0
mixed_Af_radius_0.030,normalized_participation_block,1.0e-7,-7.563267672531805e8,-7.565660256147385e8,-7.565660292696563e8,0.9996837526306769,0.9999999951690696,0,0,0,0,6.395755449695173e-7,0,0,0,0.06715844387868353,0.06715843631302681,0.0671584514443474,0,0
mixed_Af_radius_0.030,normalized_participation_block,3.0e-7,-7.565660265954975e8,-7.565660270055135e8,-7.565660308887316e8,0.9999999943253676,0.9999999948673112,0,0,0,0,6.395755449695173e-7,0,0,0,0.06715844387868353,0.06715842118173421,0.06715846657569606,0,0
mixed_Af_radius_0.030,normalized_participation_block,1.0e-6,-3.5999683002727144e12,-7.565660266876221e8,-7.565660275349329e8,4758.300226620331,0.9999999988800571,0,0,0,0,6.395755449695173e-7,0,0,0,0.06715844387868353,0.06715836822243064,0.06715851953563615,0,0
mixed_Af_radius_0.030,normalized_participation_block,3.0e-6,1.7730759329341675e12,2.196169583220581e12,2.246187553407719e12,0.7893712750051579,0.9777320597688937,1,0,1,1,6.395755449695173e-7,0,0,0,0.06715844387868353,0.06850638338368459,0.06715867085163996,0,0
mixed_Af_radius_0.030,normalized_participation_block,1.0e-5,6.985214425379761e11,1.3228007239659666e12,1.3232356443079255e12,0.5278889255611872,0.9996713205664993,2,1,3,3,6.395755449695173e-7,0,0,0,0.06715844387868353,0.06849965310568962,0.06585318181707377,0,0
mixed_Af_radius_0.030,normalized_participation_block,3.0e-5,5.743442317016942e11,6.488287547533512e11,6.356112248491289e11,0.9036093279158541,1.0207949913209284,3,3,6,5,6.395755449695173e-7,0,0,0,0.06715844387868353,0.06850084474836257,0.0646871773992678,0,0
mixed_Af_radius_0.030,normalized_participation_block,0.0001,2.3472342237054633e11,3.1666160232218445e11,2.9796680225267145e11,0.7877502480007968,1.0627412179080946,4,11,15,8,6.395755449695173e-7,0,0,0,0.06715844387868353,0.06849771540882497,0.06253837936377155,0,0
mixed_Af_radius_0.030,normalized_participation_block,0.0003,1.3528198955174454e11,1.4464545519913773e11,1.308951866139628e11,1.0335138598390126,1.105047931408871,10,17,27,12,6.395755449695173e-7,0,0,0,0.06715844387868353,0.06849092601570858,0.06063721481887081,0,0
mixed_Af_radius_0.030,normalized_participation_block,0.001,7.257614768825352e10,8.973720835099577e10,8.413402311921898e10,0.8626254278297402,1.0665983275735789,49,51,100,14,6.395755449695173e-7,0,0,0,0.06715844387868353,0.07427705180756985,0.05745024718372606,0,0
mixed_Af_radius_0.030,participation_pivot_sensitive,1.0e-7,6.584750778665383e9,6.55886460006237e9,6.558864591721392e9,1.0039467481881947,1.0000000012717107,0,0,0,0,6.395755449695173e-7,0,0,0,0.06715844387868353,0.06715850946758165,0.06715837829028981,0,0
mixed_Af_radius_0.030,participation_pivot_sensitive,3.0e-7,6.558864599007231e9,6.558864598870277e9,6.558864596809915e9,1.0000000003350147,1.000000000314134,0,0,0,0,6.395755449695173e-7,0,0,0,0.06715844387868353,0.06715864064689064,0.06715824711501484,0,0
mixed_Af_radius_0.030,participation_pivot_sensitive,1.0e-6,6.734355780209645e12,6.734355780209661e12,6.5888313280332295e12,1.0220865347633439,1.0220865347633463,1,1,2,2,6.395755449695173e-7,0,0,0,0.06715844387868353,0.06716953718861521,0.06585177092300856,0,0
mixed_Af_radius_0.030,participation_pivot_sensitive,3.0e-6,2.249158009612143e12,2.249158009612123e12,2.200647703780705e12,1.0220436491257086,1.0220436491256994,1,1,2,2,6.395755449695173e-7,0,0,0,0.06715844387868353,0.0671708494160811,0.06585046079381268,0,0
mixed_Af_radius_0.030,participation_pivot_sensitive,1.0e-5,1.2877380908717996e12,1.2877380908718108e12,1.234027890844605e12,1.0435242999171062,1.0435242999171153,1,2,3,2,6.395755449695173e-7,0,0,0,0.06715844387868353,0.06717544380105414,0.06470738801936493,0,0
mixed_Af_radius_0.030,participation_pivot_sensitive,3.0e-5,8.351203456910133e11,8.351203456910153e11,7.690081594792578e11,1.0859707213724807,1.0859707213724832,2,6,8,2,6.395755449695173e-7,0,0,0,0.06715844387868353,0.06719950700637713,0.06258545804950158,0,0
mixed_Af_radius_0.030,participation_pivot_sensitive,0.0001,2.600277750127708e11,2.600277750127703e11,2.4019357476790167e11,1.08257589847703,1.0825758984770277,7,10,17,2,6.395755449695173e-7,0,0,0,0.06715844387868353,0.06730104546547719,0.062497173970119155,0,0
mixed_Af_radius_0.030,participation_pivot_sensitive,0.0003,2.6159397044027722e11,2.6159397044027707e11,2.451164902962e11,1.0672230584085376,1.0672230584085372,24,26,50,2,6.395755449695173e-7,0,0,0,0.06715844387868353,0.07306165006547422,0.058354660647702214,0,0
mixed_Af_radius_0.030,participation_pivot_sensitive,0.001,2.967853451832616e11,2.9678534518326154e11,3.766847794753519e11,0.7878878079348611,0.7878878079348609,84,85,169,2,6.395755449695173e-7,0,0,0,0.06715844387868353,0.12190901571396989,0.04657205981889951,0,0
mixed_Af_radius_0.030,gamma,1.0e-7,6.558864600741954e9,6.55886460006237e9,6.558864591721392e9,1.0000000013753236,1.0000000012717107,0,0,0,0,6.395755449695173e-7,0,0,0,0.06715844387868353,0.06715850946758165,0.06715837829028981,0,0
mixed_Af_radius_0.030,gamma,3.0e-7,6.558864599007231e9,6.558864598870277e9,6.558864596809915e9,1.0000000003350147,1.000000000314134,0,0,0,0,6.395755449695173e-7,0,0,0,0.06715844387868353,0.06715864064689064,0.06715824711501484,0,0
mixed_Af_radius_0.030,gamma,1.0e-6,6.734355780209645e12,6.734355780209661e12,6.5888313280332295e12,1.0220865347633439,1.0220865347633463,1,1,2,2,6.395755449695173e-7,0,0,0,0.06715844387868353,0.06716953718861521,0.06585177092300856,0,0
mixed_Af_radius_0.030,gamma,3.0e-6,2.249158009612143e12,2.249158009612123e12,2.200647703780705e12,1.0220436491257086,1.0220436491256994,1,1,2,2,6.395755449695173e-7,0,0,0,0.06715844387868353,0.0671708494160811,0.06585046079381268,0,0
mixed_Af_radius_0.030,gamma,1.0e-5,1.2877380908717996e12,1.2877380908718108e12,1.234027890844605e12,1.0435242999171062,1.0435242999171153,1,2,3,2,6.395755449695173e-7,0,0,0,0.06715844387868353,0.06717544380105414,0.06470738801936493,0,0
mixed_Af_radius_0.030,gamma,3.0e-5,8.351203456910133e11,8.351203456910153e11,7.690081594792578e11,1.0859707213724807,1.0859707213724832,2,6,8,2,6.395755449695173e-7,0,0,0,0.06715844387868353,0.06719950700637713,0.06258545804950158,0,0
mixed_Af_radius_0.030,gamma,0.0001,2.600277750127708e11,2.600277750127703e11,2.4019357476790167e11,1.08257589847703,1.0825758984770277,7,10,17,2,6.395755449695173e-7,0,0,0,0.06715844387868353,0.06730104546547719,0.062497173970119155,0,0
mixed_Af_radius_0.030,gamma,0.0003,2.6159397044027722e11,2.6159397044027707e11,2.451164902962e11,1.0672230584085376,1.0672230584085372,24,26,50,2,6.395755449695173e-7,0,0,0,0.06715844387868353,0.07306165006547422,0.058354660647702214,0,0
mixed_Af_radius_0.030,gamma,0.001,2.967853451832616e11,2.9678534518326154e11,3.766847794753519e11,0.7878878079348611,0.7878878079348609,84,85,169,2,6.395755449695173e-7,0,0,0,0.06715844387868353,0.12190901571396989,0.04657205981889951,0,0
mixed_Af_radius_0.030,mixed,1.0e-7,4.869651727750917e9,4.866173314452171e9,4.866173317769062e9,1.0007148142400013,0.999999999318378,0,0,0,0,6.395755449695173e-7,0,0,0,0.06715844387868353,0.0671584925405441,0.06715839521707774,0,0
mixed_Af_radius_0.030,mixed,3.0e-7,4.866173336985711e9,4.866173316041629e9,4.866173315687394e9,1.0000000043768102,1.0000000000727953,0,0,0,0,6.395755449695173e-7,0,0,0,0.06715844387868353,0.06715858986502884,0.0671582978946299,0,0
mixed_Af_radius_0.030,mixed,1.0e-6,4.762136994853164e12,4.866173316001892e9,4.866173316867006e9,978.6205062501094,0.9999999998222188,0,0,0,0,6.395755449695173e-7,0,0,0,0.06715844387868353,0.06715893050874601,0.06715795727408264,0,0
mixed_Af_radius_0.030,mixed,3.0e-6,1.5906232364472979e12,2.247465242260774e12,2.1989557157284697e12,0.7233539198038631,1.0220602562322334,1,1,2,2,6.395755449695173e-7,0,0,0,0.06715844387868353,0.06717034138578559,0.06585096795634851,0,0
mixed_Af_radius_0.030,mixed,1.0e-5,9.107966927566235e11,1.286044568858224e12,1.2323368642497207e12,0.7390809438384696,1.043581999505632,1,2,3,2,6.395755449695173e-7,0,0,0,0.06715844387868353,0.06717374949275295,0.06470907576425351,0,0
mixed_Af_radius_0.030,mixed,3.0e-5,5.924524456287871e11,8.326128869875808e11,7.664934365269996e11,0.7729387068377305,1.0862622526295462,2,6,8,3,6.395755449695173e-7,0,0,0,0.06715844387868353,0.06719441541898719,0.06259545479982519,0,0
mixed_Af_radius_0.030,mixed,0.0001,1.8497652431992853e11,2.5739413120671094e11,2.3757683529838782e11,0.7785966341693406,1.083414259994807,5,11,16,4,6.395755449695173e-7,0,0,0,0.06715844387868353,0.06726194908765298,0.06251041238168523,0,0
mixed_Af_radius_0.030,mixed,0.0003,1.86015451547243e11,2.5871126538037024e11,2.4224918920319507e11,0.767868211072591,1.067955134262047,19,26,45,4,6.395755449695173e-7,0,0,0,0.06715844387868353,0.07295158072838065,0.058416629376188946,0,0
mixed_Af_radius_0.030,mixed,0.001,2.108946348977746e11,2.0669450893538712e11,2.157474213614803e11,0.9775070940218796,0.9580393018421054,66,73,139,4,6.395755449695173e-7,0,0,0,0.06715844387868353,0.0936040178722359,0.05045453359993985,0,0
mixed_Af_radius_0.030,ordinary_technology,1.0e-7,3.254318869938544e8,3.229437017440796e8,3.2294370233554304e8,1.0077047009751752,0.9999999981685246,0,0,0,0,6.395755449695173e-7,0,0,0,0.06715844387868353,0.06715844710812308,0.06715844064924903,0,0
mixed_Af_radius_0.030,ordinary_technology,3.0e-7,3.2294370129470897e8,3.2294370114803314e8,3.229437051111006e8,0.9999999881824864,0.9999999877283025,0,0,0,0,6.395755449695173e-7,0,0,0,0.06715844387868353,0.06715845356701633,0.06715843419039402,0,0
mixed_Af_radius_0.030,ordinary_technology,1.0e-6,3.2294370157226473e8,3.22943701505661e8,3.2294370150287575e8,1.0000000002148641,1.0000000000086247,0,0,0,0,6.395755449695173e-7,0,0,0,0.06715844387868353,0.06715847617329276,0.06715841158455246,0,0
mixed_Af_radius_0.030,ordinary_technology,3.0e-6,3.22943701549135e8,3.2294370158513385e8,3.229437014103572e8,1.0000000004297276,1.0000000005411986,0,0,0,0,6.395755449695173e-7,0,0,0,0.06715844387868353,0.06715854076394523,0.06715834699772438,0,0
mixed_Af_radius_0.030,ordinary_technology,1.0e-5,3.229437015792036e8,3.229437015771866e8,3.2294370162777585e8,0.9999999998495953,0.9999999998433496,0,0,0,0,6.395755449695173e-7,0,0,0,0.06715844387868353,0.06715876684628702,0.06715812095888377,0,0
mixed_Af_radius_0.030,ordinary_technology,3.0e-5,2.733925191393538e9,2.733925191396475e9,2.7218275321071644e9,1.004444682531743,1.004444682532822,0,2,2,2,6.395755449695173e-7,0,0,0,0.06715844387868353,0.06715941292490597,0.06714308195971333,0,0
mixed_Af_radius_0.030,ordinary_technology,0.0001,1.5685155637643056e9,1.5685155637651682e9,1.5597936705712135e9,1.0055916967465948,1.0055916967471477,0,3,3,2,6.395755449695173e-7,0,0,0,0.06715844387868353,0.06716167570591663,0.06713047983250521,0,0
mixed_Af_radius_0.030,ordinary_technology,0.0003,1.4712334948228936e9,1.4712334948227804e9,1.4623577996135395e9,1.0060694415632752,1.0060694415631979,3,6,9,2,6.395755449695173e-7,0,0,0,0.06715844387868353,0.06719279059012556,0.06710504912214875,0,0
mixed_Af_radius_0.030,ordinary_technology,0.001,1.4634847769351768e9,1.4634847769351006e9,1.450415568076055e9,1.0090106650444037,1.009010665044351,12,17,29,2,6.395755449695173e-7,0,0,0,0.06715844387868353,0.06729149399887625,0.06700141088526104,0,0
mixed_Af_radius_0.030,ordinary_participation,1.0e-7,0.0,0.0,0.0,NaN,NaN,0,0,0,0,6.395755449695173e-7,0,0,0,0.06715844387868353,0.06715844387868353,0.06715844387868353,0,0
mixed_Af_radius_0.030,ordinary_participation,3.0e-7,0.0,0.0,0.0,NaN,NaN,0,0,0,0,6.395755449695173e-7,0,0,0,0.06715844387868353,0.06715844387868353,0.06715844387868353,0,0
mixed_Af_radius_0.030,ordinary_participation,1.0e-6,0.0,0.0,0.0,NaN,NaN,0,0,0,0,6.395755449695173e-7,0,0,0,0.06715844387868353,0.06715844387868353,0.06715844387868353,0,0
mixed_Af_radius_0.030,ordinary_participation,3.0e-6,0.0,0.0,0.0,NaN,NaN,0,0,0,0,6.395755449695173e-7,0,0,0,0.06715844387868353,0.06715844387868353,0.06715844387868353,0,0
mixed_Af_radius_0.030,ordinary_participation,1.0e-5,6.675647517983204e11,6.675647517983197e11,6.530089077708273e11,1.0222904218522568,1.0222904218522557,0,1,1,1,6.395755449695173e-7,0,0,0,0.06715844387868353,0.06715844387868353,0.06585242606314187,0,0
mixed_Af_radius_0.030,ordinary_participation,3.0e-5,4.2431555424864386e11,4.243155542486429e11,4.0642211976570087e11,1.0440267239717622,1.0440267239717598,1,2,3,2,6.395755449695173e-7,0,0,0,0.06715844387868353,0.0671524622234797,0.0647139295048855,0,0
mixed_Af_radius_0.030,ordinary_participation,0.0001,2.4610753780802548e11,2.4610753780802548e11,2.2627717893870108e11,1.0876374672971174,1.0876374672971174,1,4,5,2,6.395755449695173e-7,0,0,0,0.06715844387868353,0.0671524622234797,0.06262691864470568,0,0
mixed_Af_radius_0.030,ordinary_participation,0.0003,8.196224493345201e10,8.196224493345201e10,7.535372342757294e10,1.0876999994861691,1.0876999994861691,2,4,6,2,6.395755449695173e-7,0,0,0,0.06715844387868353,0.06714814205036006,0.06262691864470568,0,0
mixed_Af_radius_0.030,ordinary_participation,0.001,7.425788928848425e10,7.425788928848427e10,6.932921789230563e10,1.0710908264367658,1.071090826436766,9,11,20,2,6.395755449695173e-7,0,0,0,0.06715844387868353,0.07261835008090123,0.0587525065024401,0,0
