idx,kind,gamma_focal_prime,Delta,feasible,inner_status,gravity_value
1,F,0.9609650007465946,0.0010029941762691214,true,0,-6.992571199895687e-18
2,G+,0.9709650007465946,0.03207193229632861,true,0,-6.992571199895687e-18
3,G-,0.9509650007465946,0.024374253441225062,true,0,-6.992571199895687e-18
4,G+,0.9609650007465946,0.0013265059957249415,true,0,-4.39440693035531e-18
5,G-,0.9609650007465946,0.0020000616932650526,true,0,-6.10202535201998e-18
6,G+,0.9609650007465946,0.0011525829706142215,true,0,-6.965998958219366e-18
7,G-,0.9609650007465946,0.001173459482672628,true,0,-5.4667506415792544e-18
8,G+,0.9609650007465946,0.0015227530518565834,true,0,-4.689174395999807e-18
9,G-,0.9609650007465946,0.002078733352478511,true,0,-6.323524467726979e-18
10,G+,0.9609650007465946,0.000979792429483933,true,0,-5.1088792213643125e-18
11,G-,0.9609650007465946,0.0010562166040006596,true,0,-5.188923834879844e-18
12,G+,0.9609650007465946,0.0011660556389156598,true,0,-6.7923572040322344e-18
13,G-,0.9609650007465946,0.0008946614335546499,true,0,-5.409999434113216e-18
14,G+,0.9609650007465946,0.0010702700489887693,true,0,-6.083390627180385e-18
15,G-,0.9609650007465946,0.0011101255110521472,true,0,-6.325642050095115e-18
16,G+,0.9609650007465946,0.001090238802953586,true,0,-7.960415638295915e-18
17,G-,0.9609650007465946,0.0009622411978362941,true,0,-6.635656108790189e-18
18,G+,0.9609650007465946,0.0010749335243080715,true,0,-7.041384890524999e-18
19,G-,0.9609650007465946,0.0009421915513053454,true,0,-6.7559347873002995e-18
20,G+,0.9609650007465946,0.001670980186316868,true,0,-4.6887508795261795e-18
21,G-,0.9609650007465946,0.0016182171402580284,true,0,-5.8932317305217946e-18
22,G+,0.9609650007465946,0.0011721264855404612,true,0,-7.962109704190423e-18
23,G-,0.9609650007465946,0.0010435636299544926,true,0,-7.218414776501147e-18
24,G+,0.9609650007465946,0.0018705946411003262,true,0,-5.193158999616115e-18
25,G-,0.9609650007465946,0.0016727510087268407,true,0,-5.570088661144279e-18
26,G+,0.9609650007465946,0.001025807417278245,true,0,-6.43194468497553e-18
27,G-,0.9609650007465946,0.0010024350729592611,true,0,-5.5683945952497704e-18
28,G+,0.9609650007465946,0.0009952467365300433,true,0,-4.0200183676689094e-18
29,G-,0.9609650007465946,0.0009951219649436773,true,0,-3.9590319954666e-18
30,G+,0.9609650007465946,0.0009629505049907558,true,0,-6.5755167695351335e-18
31,G-,0.9609650007465946,0.0010306100881371835,true,0,-7.116770822830631e-18
32,G+,0.9609650007465946,0.0010337473074853454,true,0,-7.22921444657864e-18
33,G-,0.9609650007465946,0.0009446879596790265,true,0,-5.275109437262969e-18
34,F,0.9863794943433235,0.2574161313808028,true,0,-6.0701689722693374e-18
35,G+,0.9963794943433235,0.9951970659319495,true,0,-6.0701689722693374e-18
36,G-,0.9763794943433235,0.07748500993682103,true,0,-6.0701689722693374e-18
37,G+,0.9863794943433235,0.2575524466792031,true,0,-4.5197678065489466e-18
38,G-,0.9863794943433235,0.2591746549388926,true,0,-7.316670598382646e-18
39,G+,0.9863794943433235,0.2579105736616617,true,0,-5.812340084059009e-18
40,G-,0.9863794943433235,0.2574571523150772,true,0,-4.797594613248357e-18
41,G+,0.9863794943433235,0.2577066709677089,true,0,-4.920837907073858e-18
42,G-,0.9863794943433235,0.25864338684594657,true,0,-4.753125383517506e-18
43,G+,0.9863794943433235,0.2575123479197477,true,0,-7.564004218980902e-18
44,G-,0.9863794943433235,0.25784963458686727,true,0,-6.402722048295256e-18
45,G+,0.9863794943433235,0.2570814089508305,true,0,-6.441685563868954e-18
46,G-,0.9863794943433235,0.25838454661113913,true,0,-4.577366046962239e-18
47,G+,0.9863794943433235,0.25510792186951553,true,0,-7.077807307256934e-18
48,G-,0.9863794943433235,0.2604055153989117,true,0,-7.67581256801847e-18
49,G+,0.9863794943433235,0.2579269760932227,true,0,-6.13760073580466e-18
50,G-,0.9863794943433235,0.25608300504052695,true,0,-6.615327318056086e-18
51,G+,0.9863794943433235,0.2575399230913307,true,0,-5.338848666543855e-18
52,G-,0.9863794943433235,0.2578835836747769,true,0,-6.590763362585711e-18
53,G+,0.9863794943433235,0.25829880730047994,true,0,-4.9225319729683664e-18
54,G-,0.9863794943433235,0.25781187498288977,true,0,-5.061233618081258e-18
55,G+,0.9863794943433235,0.2579148321974325,true,0,-5.697143603232424e-18
56,G-,0.9863794943433235,0.25720095568747975,true,0,-6.322253918306098e-18
57,G+,0.9863794943433235,0.2585316391128738,true,0,-7.266695654494643e-18
58,G-,0.9863794943433235,0.2581570993178283,true,0,-3.859929140637847e-18
59,G+,0.9863794943433235,0.25758079790322025,true,0,-6.4440149044739034e-18
60,G-,0.9863794943433235,0.25776464572225116,true,0,-5.582370638879466e-18
61,G+,0.9863794943433235,0.2574814705868327,true,0,-4.944131313123351e-18
62,G-,0.9863794943433235,0.2577475846589707,true,0,-6.403992597716138e-18
63,G+,0.9863794943433235,0.2579372550997994,true,0,-5.2355106469788304e-18
64,G-,0.9863794943433235,0.2572812306370374,true,0,-6.174023152536595e-18
65,G+,0.9863794943433235,0.2573027075900512,true,0,-7.32281158725024e-18
66,G-,0.9863794943433235,0.2581151916383899,true,0,-5.2882384479454106e-18
67,F,0.9977184227099356,1.4487852464374753,false,0,-4.910673511706806e-18
68,F,0.9912821475760789,0.4497917730447548,true,0,-7.525040703407204e-18
69,G+,1.001282147576079,NaN,false,-300,NaN
70,G-,0.9812821475760789,0.1443966539247831,true,0,-7.525040703407204e-18
71,G0,0.9912821475760789,0.4497917730447548,true,0,-7.525040703407204e-18
72,G+,0.9912821475760789,0.4503316226440443,true,0,-6.139294801699169e-18
73,G-,0.9912821475760789,0.45101838236136343,true,0,-8.914174736904257e-18
74,G+,0.9912821475760789,0.4504855890043347,true,0,-8.783308146553467e-18
75,G-,0.9912821475760789,0.44960904983784206,true,0,-6.249409084842228e-18
76,G+,0.9912821475760789,0.4504563234700915,true,0,-5.1821475713018095e-18
77,G-,0.9912821475760789,0.4507007046412947,true,0,-7.914464100907369e-18
78,G+,0.9912821475760789,0.449667910337844,true,0,-7.984714895970272e-18
79,G-,0.9912821475760789,0.4501737639249219,true,0,-5.6674974500785236e-18
80,G+,0.9912821475760789,0.4488995581464388,true,0,-8.874787704856932e-18
81,G-,0.9912821475760789,0.4507742190636974,true,0,-6.911788849595091e-18
82,G+,0.9912821475760789,0.44819289376321203,true,0,-6.606856988583543e-18
83,G-,0.9912821475760789,0.45273001926940515,true,0,-7.552145757719342e-18
84,G+,0.9912821475760789,0.4527979746438108,true,0,-8.056977394282905e-18
85,G-,0.9912821475760789,0.4520166817912034,true,0,-8.53470397653433e-18
86,G+,0.9912821475760789,0.4470295068554113,true,0,-6.898236322439022e-18
87,G-,0.9912821475760789,0.4484677355751657,true,0,-7.077172032546493e-18
88,G+,0.9912821475760789,0.4504435938771512,true,0,-5.03645790437407e-18
89,G-,0.9912821475760789,0.4504655508244995,true,0,-7.332764224380478e-18
90,G+,0.9912821475760789,0.45024409386225245,true,0,-6.886377861177462e-18
91,G-,0.9912821475760789,0.44968170828484555,true,0,-7.806255641895632e-18
92,G+,0.9912821475760789,0.45070214266328174,true,0,-8.702416500090682e-18
93,G-,0.9912821475760789,0.45070462830143765,true,0,-5.890690631680032e-18
94,G+,0.9912821475760789,0.4496831399150268,true,0,-8.015472779867444e-18
95,G-,0.9912821475760789,0.45025375440338733,true,0,-7.472524660677438e-18
96,G+,0.9912821475760789,0.449371985874687,true,0,-8.34735087651352e-18
97,G-,0.9912821475760789,0.4501022976884534,true,0,-5.108455704890685e-18
98,G+,0.9912821475760789,0.4505134594199506,true,0,-7.277707082808949e-18
99,G-,0.9912821475760789,0.44957334988707426,true,0,-7.305870928305154e-18
100,G+,0.9912821475760789,0.44955959295110953,true,0,-7.719434764802066e-18
101,G-,0.9912821475760789,0.4507439443461658,true,0,-7.327682026696952e-18
102,F,0.9999564107378804,NaN,false,-300,NaN
103,F,0.9956192791569797,0.8546542114487375,true,0,-2.23362588190959e-18
104,G+,1.0056192791569796,NaN,false,-300,NaN
105,G-,0.9856192791569797,0.23643396906267392,true,0,-2.23362588190959e-18
106,G0,0.9956192791569797,0.8546542114487408,true,0,-2.23362588190959e-18
107,G+,0.9956192791569797,0.8559117299294795,true,0,-4.97547153217176e-18
108,G-,0.9956192791569797,0.8553920622280722,true,0,-4.418547369352058e-18
109,G+,0.9956192791569797,0.855761574456728,true,0,-4.104933420631153e-18
110,G-,0.9956192791569797,0.8541545746792313,true,0,-5.603969979034451e-18
111,G+,0.9956192791569797,0.8559046458364019,true,0,-2.763868506890782e-18
112,G-,0.9956192791569797,0.855209861834973,true,0,-6.218068865793819e-18
113,G+,0.9956192791569797,0.8546286455376881,true,0,-6.6966424809924985e-18
114,G-,0.9956192791569797,0.8550508619255296,true,0,-4.790818349670323e-18
115,G+,0.9956192791569797,0.8509753303612393,true,0,-3.9187979304720205e-18
116,G-,0.9956192791569797,0.870313316487263,true,0,-6.139294801699169e-18
117,G+,0.9956192791569797,0.8617345003538393,true,0,-3.1712913545201005e-18
118,G-,0.9956192791569797,0.8467626659250659,true,0,-2.9688504801263227e-18
119,G+,0.9956192791569797,0.8549257208523356,true,0,-4.723479230363606e-18
120,G-,0.9956192791569797,0.8552753979462846,true,0,-3.3915199208062186e-18
121,G+,0.9956192791569797,0.8441993444547653,true,0,-2.7816561987831223e-18
122,G-,0.9956192791569797,0.8516541517781747,true,0,-6.573372717387396e-18
123,G+,0.9956192791569797,0.8549639974214953,true,0,-2.6334254330136198e-18
124,G-,0.9956192791569797,0.8558438809869457,true,0,-6.070261616497943e-18
125,G+,0.9956192791569797,0.8551150351371402,true,0,-3.9103276009994775e-18
126,G-,0.9956192791569797,0.8547292513981015,true,0,-3.3118988237643143e-18
127,G+,0.9956192791569797,0.8553658083501947,true,0,-3.254300583351022e-18
128,G-,0.9956192791569797,0.8562612637008253,true,0,-5.753471294224835e-18
129,G+,0.9956192791569797,0.8544896236205564,true,0,-5.2977675686020215e-18
130,G-,0.9956192791569797,0.8552722941746207,true,0,-4.3105506685771344e-18
131,G+,0.9956192791569797,0.8542774013279373,true,0,-4.971236367435489e-18
132,G-,0.9956192791569797,0.8551291882890564,true,0,-4.870439446712227e-18
133,G+,0.9956192791569797,0.8554884994947641,true,0,-6.163011724222289e-18
134,G-,0.9956192791569797,0.8543863677157271,true,0,-6.293004811846223e-18
135,G+,0.9956192791569797,0.8544448941605449,true,0,-5.8758675551030815e-18
136,G-,0.9956192791569797,0.8559085395506608,true,0,-4.313091767418897e-18
137,F,0.998266226782494,1.729114922766421,false,0,-8.345815629296621e-18
138,F,0.9969427529697369,1.1343408034475304,false,0,-2.915275646212488e-18
139,F,0.9962810160633583,0.9643983607657755,true,0,-4.3135152838925245e-18
140,F,0.995950147610169,0.9209052844119431,true,0,-6.066026451761672e-18
141,F,0.9981541555446699,1.6525694578609391,false,0,-4.009853972301858e-18
142,F,0.9976847140056018,3.2606392600792207,false,0,-7.806255641895632e-18
143,F,0.9970352608730609,1.1717772004244642,false,0,-6.783039841612437e-18
144,F,0.9968596897747483,1.1761226833699514,false,0,-4.30970363562988e-18
145,F,0.9964657761233943,1.0209809539129542,false,0,-3.877716832530187e-18
146,F,0.996369813027093,1.0688958298323532,false,0,-5.651403824080692e-18
147,F,0.9961570820086503,0.9571985946754062,true,0,-7.289565544070509e-18
148,G+,1.0061570820086503,NaN,false,-300,NaN
149,G-,0.9861570820086503,0.2548178109070818,true,0,-7.289565544070509e-18
150,G0,0.9961570820086503,0.9571985946754046,true,0,-7.289565544070509e-18
151,G+,0.9961570820086503,0.9576006196772054,true,0,-6.96684599116662e-18
152,G-,0.9961570820086503,0.9578449005346487,true,0,-5.587029320089365e-18
153,G+,0.9961570820086503,0.9583186399269888,true,0,-5.749659645962191e-18
154,G-,0.9961570820086503,0.955937625455159,true,0,-6.728829732988162e-18
155,G+,0.9961570820086503,0.9574984279667684,true,0,-4.594306705907325e-18
156,G-,0.9961570820086503,0.9578790718203709,true,0,-5.876714588050336e-18
157,G+,0.9961570820086503,0.9570497425515331,true,0,-7.714776083592167e-18
158,G-,0.9961570820086503,0.9567022411808521,true,0,-3.891269359686256e-18
159,G+,0.9961570820086503,0.9172444037007758,true,0,-5.919066235413051e-18
160,G-,0.9961570820086503,0.9553997479941239,true,0,-6.642432372368223e-18
161,G+,0.9961570820086503,0.9452930453966618,true,0,-8.800884080208994e-18
162,G-,0.9961570820086503,0.9315830748677748,true,0,-6.3696877633523385e-18
163,G+,0.9961570820086503,0.9600770126264707,true,0,-6.7389941283552135e-18
164,G-,0.9961570820086503,0.9524150664726742,true,0,-4.974624499224506e-18
165,G+,0.9961570820086503,0.9632834508958971,true,0,-8.492352329171615e-18
166,G-,0.9961570820086503,0.9566523948067334,true,0,-5.742883382384156e-18
167,G+,0.9961570820086503,0.9566368978745753,true,0,-5.527737013781564e-18
168,G-,0.9961570820086503,0.9584682571186356,true,0,-6.300231061677486e-18
169,G+,0.9961570820086503,0.9578041331442652,true,0,-6.29514886399396e-18
170,G-,0.9961570820086503,0.9562191906737821,true,0,-5.2105231750348285e-18
171,G+,0.9961570820086503,0.9572034102169609,true,0,-6.52257721033174e-18
172,G-,0.9961570820086503,0.9584589092035416,true,0,-6.159623592433272e-18
173,G+,0.9961570820086503,0.9569073830586212,true,0,-7.489465319622524e-18
174,G-,0.9961570820086503,0.9568818984879627,true,0,-8.72782748850831e-18
175,G+,0.9961570820086503,0.9566791162878119,true,0,-6.6288798452121545e-18
176,G-,0.9961570820086503,0.9568369125134247,true,0,-8.106952338170909e-18
177,G+,0.9961570820086503,0.957866260120181,true,0,-8.584678920422334e-18
178,G-,0.9961570820086503,0.9558457094431265,true,0,-5.946171289725188e-18
179,G+,0.9961570820086503,0.9561448271226568,true,0,-7.92992245219476e-18
180,G-,0.9961570820086503,0.9577279226966341,true,0,-5.251604272976662e-18
181,F,0.9999807854100432,NaN,false,-300,NaN
182,F,0.9980689337093468,1.5979663481484312,false,0,-5.2583805365546965e-18
183,F,0.9971130078589985,1.176109219846416,false,0,-3.530433324155924e-18
184,F,0.9966350449338244,1.0258320926710656,false,0,-9.263152311173029e-18
185,F,0.9998449963921717,30.926598283773817,false,0,-8.524539581167279e-18
186,F,0.9980010392004109,1.603126814151973,false,0,-3.808260130855334e-18
187,F,0.9978471334445733,1.7509395884522565,false,0,-6.7220534694101275e-18
188,F,0.9970790606045307,1.1435845044212254,false,0,-7.83336069620777e-18
189,F,0.9970346530995621,1.2276912133957527,false,0,-7.508100044462118e-18
190,F,0.9966180713065904,1.0164063457277088,false,0,-2.270048298641525e-18
191,F,0.9966039659265639,1.0330632057665552,false,0,-7.995991022080595e-18
192,F,0.9963875766576203,0.9604539290320373,true,0,-7.79609124652858e-18
193,G+,1.0063875766576202,NaN,false,-300,NaN
194,G-,0.9863875766576203,0.2572720079107338,true,0,-7.79609124652858e-18
195,G0,0.9963875766576203,0.9604539290320349,true,0,-7.79609124652858e-18
196,G+,0.9963875766576203,0.96056282387479,true,0,-9.129321105506849e-18
197,G-,0.9963875766576203,0.9613368709074047,true,0,-9.198777807181702e-18
198,G+,0.9963875766576203,0.9613582728474327,true,0,-7.694447292858064e-18
199,G-,0.9963875766576203,0.9600714293362183,true,0,-5.77507063437982e-18
200,G+,0.9963875766576203,0.9613742496317605,true,0,-9.22588286149384e-18
201,G-,0.9963875766576203,0.9610753063514439,true,0,-8.880293419014085e-18
202,G+,0.9963875766576203,0.9602224180740064,true,0,-7.111688625147106e-18
203,G-,0.9963875766576203,0.9599611844541077,true,0,-8.097634975751111e-18
204,G+,0.9963875766576203,0.9631263813240762,true,0,-7.958721572401406e-18
205,G-,0.9963875766576203,1.00433869403257,false,0,-6.400180949453493e-18
206,G+,0.9963875766576203,0.98765197385182,true,0,-7.03376159399971e-18
207,G-,0.9963875766576203,0.9790964225992335,true,0,-9.124238907823323e-18
208,G+,0.9963875766576203,0.9676480084595342,true,0,-9.073416930988065e-18
209,G-,0.9963875766576203,0.9546417396280018,true,0,-1.0019552733071119e-17
210,G+,0.9963875766576203,0.9624336310173216,true,0,-6.503518969018518e-18
211,G-,0.9963875766576203,0.957403214080955,true,0,-7.65040157960084e-18
212,G+,0.9963875766576203,0.9606367525263103,true,0,-8.660064852727967e-18
213,G-,0.9963875766576203,0.9614868330172794,true,0,-8.971772977317549e-18
214,G+,0.9963875766576203,0.960848672159931,true,0,-9.510485931771284e-18
215,G-,0.9963875766576203,0.9601890854585617,true,0,-1.0020399766018373e-17
216,G+,0.9963875766576203,0.9605208546379482,true,0,-1.0184724157785707e-17
217,G-,0.9963875766576203,0.9616447640112663,true,0,-8.761708806398483e-18
218,G+,0.9963875766576203,0.9601620590149237,true,0,-1.0279591847878189e-17
219,G-,0.9963875766576203,0.960149109388791,true,0,-9.996682843495253e-18
220,G+,0.9963875766576203,0.9599030381251583,true,0,-8.19589079763261e-18
221,G-,0.9963875766576203,0.9600415452947929,true,0,-9.55114351323949e-18
222,G+,0.9963875766576203,0.9610876620749746,true,0,-6.418815674293088e-18
223,G-,0.9963875766576203,0.9598968799522576,true,0,-8.168785743320472e-18
224,G+,0.9963875766576203,0.9594097015487353,true,0,-7.535205098774256e-18
225,G-,0.9963875766576203,0.9609901512392799,true,0,-8.834553639862353e-18
226,F,0.9999819378832882,NaN,false,-300,NaN
227,F,0.9981847572704542,1.628601175911173,false,0,-8.212831456577696e-18
228,F,0.9972861669640373,1.2208962537800685,false,0,-5.285485590866834e-18
229,F,0.9968368718108288,1.0735472970136208,false,0,-5.570088661144279e-18
230,F,0.9966035237508107,1.0217729544512648,false,0,-6.850802477392781e-18
231,F,0.996591306005868,1.0367138641214448,false,0,-7.846913223363838e-18
232,F,0.996495146121819,0.9875133570921035,true,0,-5.844527336054672e-18
233,G+,1.006495146121819,NaN,false,-300,NaN
234,G-,0.986495146121819,0.2613181051609459,true,0,-5.844527336054672e-18
235,G0,0.996495146121819,0.9875133570921002,true,0,-5.844527336054672e-18
236,G+,0.996495146121819,0.9879651052686744,true,0,-5.009352850061932e-18
237,G-,0.996495146121819,0.9883431076435996,true,0,-3.228889594933393e-18
238,G+,0.996495146121819,0.9886114979159399,true,0,-8.82608331038981e-18
239,G-,0.996495146121819,0.9872064143757733,true,0,-4.433370445929008e-18
240,G+,0.996495146121819,0.988766130114442,true,0,-6.345970840829218e-18
241,G-,0.996495146121819,0.9882337570522106,true,0,-6.2341624917916505e-18
242,G+,0.996495146121819,0.9874560429335715,true,0,-7.562310153086393e-18
243,G-,0.996495146121819,0.9871342826604059,true,0,-4.809453074509917e-18
244,G+,0.996495146121819,0.9892954525763756,true,0,-8.463553208964969e-18
245,G-,0.996495146121819,0.9895673022262603,true,0,-4.352055282992595e-18
246,G+,0.996495146121819,0.9694727160611147,true,0,-4.738302306940556e-18
247,G-,0.996495146121819,1.004576672203514,false,0,-4.004771774618332e-18
248,G+,0.996495146121819,0.9927176930553036,true,0,-5.163512846462215e-18
249,G-,0.996495146121819,0.9816908580854374,true,0,-6.540788418697707e-18
250,G+,0.996495146121819,0.9911604323302239,true,0,-7.704611688225116e-18
251,G-,0.996495146121819,0.980598214556574,true,0,-4.750160768202116e-18
252,G+,0.996495146121819,0.9877477874820617,true,0,-6.193504910323444e-18
253,G-,0.996495146121819,0.9889430794695468,true,0,-6.37985215871939e-18
254,G+,0.996495146121819,0.9879574132512862,true,0,-5.153348451095163e-18
255,G-,0.996495146121819,0.9874750715155809,true,0,-6.689866217414464e-18
256,G+,0.996495146121819,0.9876401549158021,true,0,-6.383240290508407e-18
257,G-,0.996495146121819,0.9889544162811459,true,0,-5.305814381600937e-18
258,G+,0.996495146121819,0.9873724848571475,true,0,-6.190116778534427e-18
259,G-,0.996495146121819,0.9871964748059343,true,0,-6.37985215871939e-18
260,G+,0.996495146121819,0.9871194929808274,true,0,-8.260265301623937e-18
261,G-,0.996495146121819,0.9872126383661919,true,0,-4.79420648145934e-18
262,G+,0.996495146121819,0.9883946682752627,true,0,-8.560114964951959e-18
263,G-,0.996495146121819,0.98698821204283,true,0,-6.118966010965066e-18
264,G+,0.996495146121819,0.9866263096108029,true,0,-6.9253413767511596e-18
265,G-,0.996495146121819,0.9881774212459309,true,0,-5.580253056511331e-18
266,F,0.9991310304808763,4.180219630117737,false,0,-5.204170427930421e-18
267,F,0.9978130883013476,1.3820435562331301,false,0,-4.716279450311944e-18
268,F,0.9971541172115833,1.1130951929315827,false,0,-9.459663954936026e-18
269,F,0.9968246316667011,1.0479157873555127,false,0,-8.809142651444724e-20
270,F,0.9972303591900733,1.2016127754069674,false,0,-8.737991883875362e-18
271,F,0.9971778608418315,1.102569421400295,false,0,-3.943785402416022e-18
272,F,0.9968627526559461,1.0925467945797294,false,0,-8.14845695258637e-18
273,F,0.9968369977475362,1.1593922943797468,false,0,-5.5768649247223134e-18
274,F,0.9966789493888826,1.0134771844085795,false,0,-7.779150587583494e-18
275,F,0.9966725810693127,1.0742421237934165,false,0,-3.4031136842717618e-18
276,F,0.9965870477553508,0.9977054617682758,true,0,-6.691560283308973e-18
277,F,0.9965845474850142,0.9852761182034664,true,0,-9.192001543603667e-18
278,G+,1.0065845474850141,NaN,false,-300,NaN
279,G-,0.9865845474850142,0.2595663990358724,true,0,-9.192001543603667e-18
280,G0,0.9965845474850142,0.9852761182034656,true,0,-9.192001543603667e-18
281,G+,0.9965845474850142,0.985954683485672,true,0,-4.462169566135654e-18
282,G-,0.9965845474850142,0.9872767715071047,true,0,-7.633460920655755e-18
283,G+,0.9965845474850142,0.9861137033889535,true,0,-8.405954968551677e-18
284,G-,0.9965845474850142,0.985127578499713,true,0,-7.032067528105201e-18
285,G+,0.9965845474850142,0.9859352267404808,true,0,-1.0144066576317501e-17
286,G-,0.9965845474850142,0.9871546513671356,true,0,-7.924840254511234e-18
287,G+,0.9965845474850142,0.9858586444489632,true,0,-4.777265822514254e-18
288,G-,0.9965845474850142,0.9856528609197306,true,0,-8.035801570601547e-18
289,G+,0.9965845474850142,0.9883656975177318,true,0,-8.405954968551677e-18
290,G-,0.9965845474850142,1.0360943601764847,false,0,-6.941435002748991e-18
291,G+,0.9965845474850142,1.0550038629205931,false,0,-4.589224508223799e-18
292,G-,0.9965845474850142,1.0087622815595338,false,0,-6.332418313673149e-18
293,G+,0.9965845474850142,0.9922211349840347,true,0,-8.358521123505436e-18
294,G-,0.9965845474850142,0.993130665420754,true,0,-8.98066682326372e-18
295,G+,0.9965845474850142,0.9926382830653856,true,0,-9.429170768834871e-18
296,G-,0.9965845474850142,1.0000476546332466,false,0,-6.8067567641355575e-18
297,G+,0.9965845474850142,0.985752538250852,true,0,-1.0511678875425867e-17
298,G-,0.9965845474850142,0.987046356371977,true,0,-8.063753657860939e-18
299,G+,0.9965845474850142,0.9865830752959555,true,0,-8.209443324788679e-18
300,G-,0.9965845474850142,0.9850027301376832,true,0,-9.272893190066453e-18
301,G+,0.9965845474850142,0.9864974544955629,true,0,-8.576632107423418e-18
302,G-,0.9965845474850142,0.9869571286063076,true,0,-8.466941340753986e-18
303,G+,0.9965845474850142,0.9858873032393484,true,0,-9.51556812945481e-18
304,G-,0.9965845474850142,0.9856244429704939,true,0,-7.77237432400546e-18
305,G+,0.9965845474850142,0.9855694727895943,true,0,-5.493855695891392e-18
306,G-,0.9965845474850142,0.9856806824305039,true,0,-9.494392305773453e-18
307,G+,0.9965845474850142,0.9859095114831669,true,0,-8.933656494691106e-18
308,G-,0.9965845474850142,0.9848487341830731,true,0,-6.80336863234654e-18
309,G+,0.9965845474850142,0.9851443560032198,true,0,-7.172674997349415e-18
310,G-,0.9965845474850142,0.9865608399073101,true,0,-7.189615656294501e-18
311,F,0.9998373547837427,23.692752064507584,false,0,-8.998878031629687e-18
312,F,0.9982109511343784,1.6331938698911537,false,0,-3.2610768469290563e-18
313,F,0.9973977493096964,1.2735495607335765,false,0,-7.770150862518917e-18
314,F,0.9969911483973553,1.0866065230328186,false,0,-7.030373462210693e-18
315,F,0.9972266921710646,1.1841859264333072,false,0,-6.932117640329194e-18
316,F,0.9972112857332813,1.2636555385664798,false,0,-4.8382521947165635e-18
317,F,0.9969063987037065,1.0848334712348167,false,0,-6.7898161051904715e-18
318,F,0.9968986801563597,1.127233788998885,false,0,-1.6534083130403943e-18
319,F,0.9967454730943603,1.0286256940750929,false,0,-6.215527766952056e-18
320,F,0.9967421122623137,1.0540732067028777,false,0,-4.235164736271502e-18
321,F,0.9966650102896872,1.0136373324828734,false,0,-5.304120315706429e-18
322,F,0.9966628114818378,1.027616634694966,false,0,-6.108801615598014e-18
323,F,0.9966247788873508,0.9981297144476643,true,0,-6.86435500454885e-18
324,G+,1.0066247788873508,NaN,false,-300,NaN
325,G-,0.9866247788873508,0.2612776930771912,true,0,-6.86435500454885e-18
326,G0,0.9966247788873508,0.9981297144476646,true,0,-6.86435500454885e-18
327,G+,0.9966247788873508,0.9988159667600232,true,0,-5.998687332454955e-18
328,G-,0.9966247788873508,1.0000874013715262,false,0,-6.5052130349130266e-18
329,G+,0.9966247788873508,0.9989807566271889,true,0,-7.511488176251135e-18
330,G-,0.9966247788873508,0.9979739003332929,true,0,-5.951253487408714e-18
331,G+,0.9966247788873508,0.9988015837825455,true,0,-6.989715880742486e-18
332,G-,0.9966247788873508,1.0000047038703932,false,0,-5.925842498991085e-18
333,G+,0.9966247788873508,0.9987178243254076,true,0,-5.412540532954979e-18
334,G-,0.9966247788873508,0.9985098872880215,true,0,-6.451002926288751e-18
335,G+,0.9966247788873508,1.0013018104902704,false,0,-7.596191470976565e-18
336,G-,0.9966247788873508,1.0458740817093808,false,0,-5.730177888175342e-18
337,G+,0.9966247788873508,1.0456119543062348,false,0,-9.371149011947952e-18
338,G-,0.9966247788873508,1.0220976308460972,false,0,-5.685285141970864e-18
339,G+,0.9966247788873508,1.005211947827031,false,0,-7.436949276892757e-18
340,G-,0.9966247788873508,0.9889048130409888,true,0,-8.671923313989527e-18
341,G+,0.9966247788873508,1.0064322453398216,false,0,-5.231275482242559e-18
342,G-,0.9966247788873508,1.0133607268033453,false,0,-6.728829732988162e-18
343,G+,0.9966247788873508,0.998602107545291,true,0,-7.29972993943756e-18
344,G-,0.9966247788873508,0.9999118683698921,true,0,-5.705613932704967e-18
345,G+,0.9966247788873508,0.999443515457543,true,0,-7.342081586800275e-18
346,G-,0.9966247788873508,0.9978545251361799,true,0,-8.383932111923065e-18
347,G+,0.9966247788873508,0.9993375866592087,true,0,-9.041229678992402e-18
348,G-,0.9966247788873508,0.9997818917670878,true,0,-5.705613932704967e-18
349,G+,0.9966247788873508,0.9986549387369145,true,0,-7.528428835196221e-18
350,G-,0.9966247788873508,0.9984774557441201,true,0,-5.964806014564783e-18
351,G+,0.9966247788873508,0.9984253999843695,true,0,-9.994988777600744e-18
352,G-,0.9966247788873508,0.9985363883356423,true,0,-6.591610395532965e-18
353,G+,0.9966247788873508,0.9995606478327028,true,0,-5.166053945303978e-18
354,G-,0.9966247788873508,0.9976705528470386,true,0,-6.325642050095115e-18
355,G+,0.9966247788873508,0.9979049522432291,true,0,-7.233661369551725e-18
356,G-,0.9966247788873508,0.9994212974576542,true,0,-8.975161109106566e-18
357,F,0.9999831238944368,NaN,false,-300,NaN
358,F,0.9983039513908938,1.7364005330461993,false,0,-7.257378292074845e-18
359,F,0.9974643651391223,1.2324602153688016,false,0,-4.9873299934333204e-18
360,F,0.9970445720132365,1.1112831560038514,false,0,-5.297344052128394e-18
361,F,0.9969026349507277,1.0761872429429273,false,0,-5.7801528320633455e-18
362,F,0.9968932830573616,1.1048586725869038,false,0,-8.25687716983492e-18
363,F,0.9967637069190393,1.0328944539746256,false,0,-4.729831977468013e-18
364,F,0.9967595418354376,1.0494439160977893,false,0,-9.73410262984642e-18
365,F,0.996694242903195,1.0159320673994843,false,0,-6.6966424809924985e-18
366,F,0.9966921100441659,1.028859197121295,false,0,-5.414234598849488e-18
367,F,0.9966595108952729,1.0107434658751768,false,0,-8.878599353119576e-18
368,F,0.9966579996706166,1.0077243811865988,false,0,-7.619908393499686e-18
369,F,0.9966421448913119,1.004397391329405,false,0,-3.8539999100070665e-18
370,F,0.9966413939753064,0.9994562682542986,true,0,-8.512681119905718e-18
371,G+,1.0066413939753063,NaN,false,-300,NaN
372,G-,0.9866413939753064,0.26190224141376495,true,0,-8.512681119905718e-18
373,G0,0.9966413939753064,0.9994562682542988,true,0,-8.512681119905718e-18
374,G+,0.9966413939753064,1.0001647941746876,false,0,-9.147955830346444e-18
375,G-,0.9966413939753064,1.0013635824059415,false,0,-6.190116778534427e-18
376,G+,0.9966413939753064,1.001084789778986,false,0,-7.799479378317598e-18
377,G-,0.9966413939753064,0.9991950578460638,true,0,-1.0025481963701899e-17
378,G+,0.9966413939753064,1.000129007205906,false,0,-6.930423574434685e-18
379,G-,0.9966413939753064,1.0012556984890844,false,0,-8.904010341537205e-18
380,G+,0.9966413939753064,1.0000455873596312,false,0,-7.060866648311848e-18
381,G-,0.9966413939753064,0.9998058976223644,true,0,-9.210636268443262e-18
382,G+,0.9966413939753064,1.0106120917576298,false,0,-7.636849052444772e-18
383,G-,0.9966413939753064,1.0410778286940638,false,0,-9.514721096507556e-18
384,G+,0.9966413939753064,1.04023688398937,false,0,-6.220609964635582e-18
385,G-,0.9966413939753064,1.0324060873174123,false,0,-8.605854744103691e-18
386,G+,0.9966413939753064,1.0064483532672923,false,0,-8.724439356719293e-18
387,G-,0.9966413939753064,0.9903089883577673,true,0,-4.935660983650808e-18
388,G+,0.9966413939753064,1.009233360790958,false,0,-5.998687332454955e-18
389,G-,0.9966413939753064,1.0142323847018497,false,0,-6.305313259361012e-18
390,G+,0.9966413939753064,0.9998723879541895,true,0,-7.816420037262684e-18
391,G-,0.9966413939753064,1.0012428026139613,false,0,-9.180143082342107e-18
392,G+,0.9966413939753064,1.0007054678363454,false,0,-8.138292557219318e-18
393,G-,0.9966413939753064,0.9991701358234659,true,0,-4.269893087108928e-18
394,G+,0.9966413939753064,1.0006477144631947,false,0,-7.388668398899262e-18
395,G-,0.9966413939753064,1.0011148566051953,false,0,-6.661067097207818e-18
396,G+,0.9966413939753064,0.999974181120912,true,0,-4.9144851599694506e-18
397,G-,0.9966413939753064,0.9997666974598146,true,0,-8.604160678209183e-18
398,G+,0.9966413939753064,0.999743269031304,true,0,-7.064254780100865e-18
399,G-,0.9966413939753064,0.999860474193214,true,0,-8.843023969334896e-18
400,G+,0.9966413939753064,1.0008980860152654,false,0,-6.550952814064759e-18
401,G-,0.9966413939753064,0.9988745643710827,true,0,-5.8479154678436895e-18
402,G+,0.9966413939753064,0.9992323592966761,true,0,-1.0462550964485118e-17
403,G-,0.9966413939753064,1.0007080140388198,false,0,-8.609242875892709e-18
404,F,0.9978986988231184,1.4515186220195462,false,0,-5.624298769768554e-18
405,F,0.9972700463992124,1.1614205299511218,false,0,-3.8370592510619805e-18
406,F,0.9969557201872594,1.0901812625280978,false,0,-4.953448675543148e-18
407,F,0.9967985570812828,1.0438143993717612,false,0,2.0837010502455788e-19
408,F,0.9967737496952994,1.0348741483351347,false,0,-4.980553729855286e-18
409,F,0.9967645122952099,1.057521308173323,false,0,-7.467442462993912e-18
410,F,0.9967075718353029,1.016937906725832,false,0,-7.016820935054624e-18
411,F,0.9967030124181336,1.0275945365524632,false,0,-4.929731753020028e-19
412,F,0.9966744829053047,1.011031722103068,false,0,-4.907708896391416e-18
413,F,0.9966714638912595,1.0150684901583118,false,0,-7.43356114510374e-18
414,F,0.9966579384403055,1.0052109904425037,false,0,-8.119657832379723e-18
415,F,0.9966564375412995,1.004829438727624,false,0,-7.594497405082057e-18
416,F,0.9966496662078059,1.0023254583326147,false,0,-7.641931250128298e-18
417,F,0.9966489178893984,1.001124469817086,false,0,-8.260265301623937e-18
418,F,0.9966455300915562,1.0008888304690573,false,0,-3.2559946492455305e-18
419,F,0.9966451564625364,1.003149237457178,false,0,-7.611438064027143e-18
420,F,0.9966434620334312,1.0001720423909608,false,0,-6.201975239795987e-18
421,F,0.9966432753511453,1.001298609450937,false,0,-3.611748487092337e-18
422,F,0.9966419109898376,0.9996351168662386,true,0,-8.455082879492426e-18
423,F,0.9966418643440229,0.9999160800920482,true,0,-7.221802908290165e-18
424,F,0.9966414586021228,0.9994786208728281,true,0,-4.858580985450667e-18
425,F,0.9966414527722978,0.9995137166037863,true,0,-6.096943154336454e-18
426,F,0.9966413980144824,0.999457665264023,true,0,-6.427286003765631e-18
427,F,0.9966413976501259,0.9994598585408495,true,0,-6.600080725005508e-18
428,F,0.9966413941015306,0.9994563119107963,true,0,-5.195700098457878e-18
429,F,0.9966413940901445,0.9994563804502825,true,0,-6.384934356402916e-18
430,F,0.9966413939772786,0.9994562689364062,true,0,-6.855884675076307e-18
431,F,0.9966413939771008,0.9994562700073542,true,0,-9.723938234479368e-18
432,F,0.9966413939753218,0.999456268259632,true,0,-7.077807307256934e-18
433,F,0.9966413939753204,0.9994562682679943,true,0,-5.727636789333579e-18
434,F,0.9966413939753065,0.9994562682543331,true,0,-7.164204667876872e-18
435,G+,1.0066413939753065,NaN,false,-300,NaN
436,G-,0.9866413939753065,0.26190224141376744,true,0,-7.164204667876872e-18
437,G0,0.9966413939753065,0.999456268254327,true,0,-7.164204667876872e-18
438,G+,0.9966413939753065,1.0001647941747147,false,0,-4.313938800366152e-18
439,G-,0.9966413939753065,1.0013635824059703,false,0,-5.570088661144279e-18
440,G+,0.9966413939753065,1.0010847897790163,false,0,-6.29514886399396e-18
441,G-,0.9966413939753065,0.999195057846094,true,0,-8.839635837545878e-18
442,G+,0.9966413939753065,1.0001290072059401,false,0,-6.042733045712179e-18
443,G-,0.9966413939753065,1.0012556984891154,false,0,-7.413232354369637e-18
444,G+,0.9966413939753065,1.0000455873596605,false,0,-5.7123901962830015e-18
445,G-,0.9966413939753065,0.9998058976223976,true,0,-7.863853882308924e-18
446,G+,0.9966413939753065,1.0106120917576595,false,0,-6.3019251275719945e-18
447,G-,0.9966413939753065,1.0410778286940994,false,0,-9.246211652227943e-18
448,G+,0.9966413939753065,1.0402368839894014,false,0,-5.64123942871364e-18
449,G-,0.9966413939753065,1.0324060873174457,false,0,-6.9253413767511596e-18
450,G+,0.9966413939753065,1.0064483532673256,false,0,-7.968885967768458e-18
451,G-,0.9966413939753065,0.9903089883578017,true,0,-3.602431124672539e-18
452,G+,0.9966413939753065,1.0092333607909867,false,0,-5.388823610431859e-18
453,G-,0.9966413939753065,1.0142323847018873,false,0,-4.438452643612534e-18
454,G+,0.9966413939753065,0.9998723879542183,true,0,-6.3188657865170805e-18
455,G-,0.9966413939753065,1.0012428026139943,false,0,-8.006155417447647e-18
456,G+,0.9966413939753065,1.0007054678363754,false,0,-7.084583570834968e-18
457,G-,0.9966413939753065,0.9991701358234951,true,0,-3.452506293008528e-18
458,G+,0.9966413939753065,1.0006477144632293,false,0,-5.753894810698462e-18
459,G-,0.9966413939753065,1.0011148566052275,false,0,-5.739495250595139e-18
460,G+,0.9966413939753065,0.9999741811209497,true,0,-7.726634544853728e-18
461,G-,0.9966413939753065,0.9997666974598467,true,0,-7.262460489758371e-18
462,G+,0.9966413939753065,0.9997432690313341,true,0,-5.7123901962830015e-18
463,G-,0.9966413939753065,0.9998604741932455,true,0,-7.496241583200558e-18
464,G+,0.9966413939753065,1.000898086015301,false,0,-4.919567357652976e-18
465,G-,0.9966413939753065,0.998874564371118,true,0,-4.851804721872632e-18
466,G+,0.9966413939753065,0.999232359296708,true,0,-9.120850776034306e-18
467,G-,0.9966413939753065,1.0007080140388498,false,0,-7.267542687441897e-18
468,F,0.9968352702212415,1.0540044198759073,false,0,-1.165856148600819e-17
469,F,0.996738332098274,1.021608341162537,false,0,-5.2583805365546965e-18
470,F,0.9966898630367903,1.0132717943349203,false,0,-6.559423143537302e-18
471,F,0.9966656285060483,1.00631305371045,false,0,-5.9580297509867486e-18
472,F,0.9977102321951237,1.4096459650405564,false,0,-4.7196675821009615e-18
473,F,0.9976033842688132,1.5848118108680382,false,0,-5.129631528572043e-18
474,F,0.9976895907693681,1.3703542131194562,false,0,-7.531816966985239e-18
475,F,0.9975929113400154,1.4917892786961022,false,0,-8.077306185017008e-18
476,F,0.9974726992252141,1.2832041180033957,false,0,-3.2526065174565133e-18
477,F,0.9973986945088666,1.365078010207645,false,0,-6.3019251275719945e-18
478,F,0.9970570466002603,1.124062867258194,false,0,-6.27143194147084e-18
479,F,0.9970245477601926,1.1345722341089013,false,0,-9.740878893424454e-18
480,F,0.9968492202877834,1.0606284045370011,false,0,-6.35613523619627e-18
481,F,0.9968332658881873,1.0879261052321434,false,0,-3.9607260613611084e-18
482,F,0.996745307131545,1.0268064353338526,false,0,-6.332418313673149e-18
483,F,0.9967381738921337,1.0417988570379502,false,0,-4.919567357652976e-18
484,F,0.9966933505534257,1.0118724302492579,false,0,-5.954641619197731e-18
485,F,0.9966901122750055,1.0213130732215918,false,0,-7.33699938911675e-18
486,F,0.9966543831198363,1.003968519048277,false,0,-6.0901668907584194e-18
487,F,0.9966532062727147,1.0053656892875384,false,0,-5.056786695108173e-18
488,F,0.9966430176183727,1.0000181051556405,false,0,-3.965808259044634e-18
489,F,0.9966428710848199,1.0009019105874315,false,0,-4.424900116456465e-18
490,F,0.9966414954529982,0.9994913647846556,true,0,-4.807759008615409e-18
491,G+,1.006641495452998,NaN,false,-300,NaN
492,G-,0.9866414954529982,0.26190665256689305,true,0,-4.807759008615409e-18
493,G0,0.9966414954529982,0.9994913647846544,true,0,-4.807759008615409e-18
494,G+,0.9966414954529982,1.0001999693341965,false,0,-5.144031088675366e-18
495,G-,0.9966414954529982,1.0013986401592856,false,0,-7.159122470193346e-18
496,G+,0.9966414954529982,1.0011199503264838,false,0,-5.0076587841674236e-18
497,G-,0.9966414954529982,0.9992301259039007,true,0,-5.485385366418849e-18
498,G+,0.9966414954529982,1.000164168582321,false,0,-7.062560714206356e-18
499,G-,0.9966414954529982,1.0012907637535067,false,0,-7.850301355152856e-18
500,G+,0.9966414954529982,1.0000807089059918,false,0,-7.331917191433224e-18
501,G-,0.9966414954529982,0.9998410004713152,true,0,-9.195389675392684e-18
502,G+,0.9966414954529982,1.0106479038953713,false,0,-4.699338791366858e-18
503,G-,0.9966414954529982,1.0411158250231154,false,0,-5.537054376201361e-18
504,G+,0.9966414954529982,1.0402753097375539,false,0,-7.98497959376629e-18
505,G-,0.9966414954529982,1.0324431124560867,false,0,-6.559423143537302e-18
506,G+,0.9966414954529982,1.0064838409239707,false,0,-9.147955830346444e-18
507,G-,0.9966414954529982,0.9903434870602936,true,0,-7.065101813048119e-18
508,G+,0.9966414954529982,1.0092690500334829,false,0,-8.079000250911517e-18
509,G-,0.9966414954529982,1.0142687006965811,false,0,-6.406957213031528e-18
510,G+,0.9966414954529982,0.9999074342196558,true,0,-7.081195439045951e-18
511,G-,0.9966414954529982,1.001277986014368,false,0,-8.16031541384793e-18
512,G+,0.9966414954529982,1.0007405753058851,false,0,-8.561809030846468e-18
513,G-,0.9966414954529982,0.999205243505917,true,0,-6.331571280725895e-18
514,G+,0.9966414954529982,1.0006827711520363,false,0,-6.644126438262732e-18
515,G-,0.9966414954529982,1.0011500419210344,false,0,-9.31058615621927e-18
516,G+,0.9966414954529982,1.0000092951393134,false,0,-5.4752209710517974e-18
517,G-,0.9966414954529982,0.9998017951940573,true,0,-4.777265822514254e-18
518,G+,0.9966414954529982,0.9997783806735799,true,0,-7.40984422258062e-18
519,G-,0.9966414954529982,0.9998955751352758,true,0,-4.743384504624082e-18
520,G+,0.9966414954529982,1.0009332136239673,false,0,-7.77237432400546e-18
521,G-,0.9966414954529982,0.9989096510699301,true,0,-5.878408653944844e-18
522,G+,0.9966414954529982,0.999267456435539,true,0,-5.480303168735323e-18
523,G-,0.9966414954529982,1.0007431341957829,false,0,-5.4447277849506426e-18
524,F,0.9999853321995267,NaN,false,-300,NaN
525,F,0.9966422026654453,0.9997315489953246,true,0,-4.95175460964864e-18
526,G+,1.0066422026654454,NaN,false,-300,NaN
527,G-,0.9866422026654453,0.2619368365351972,true,0,-4.95175460964864e-18
528,G0,0.9966422026654453,0.9997315489953278,true,0,-4.95175460964864e-18
529,G+,0.9966422026654453,1.0004398181804572,false,0,-6.683936986783684e-18
530,G-,0.9966422026654453,1.0016394206712778,false,0,-4.8213115357714775e-18
531,G+,0.9966422026654453,1.0013602205281829,false,0,-3.3711911300721153e-18
532,G-,0.9966422026654453,0.9994704535069691,true,0,-5.6082051437707225e-18
533,G+,0.9966422026654453,1.0004039527168493,false,0,-3.9979955110402976e-18
534,G-,0.9966422026654453,1.0015315276495724,false,0,-4.663763407582178e-18
535,G+,0.9966422026654453,1.0003209888377071,false,0,-5.620910637979537e-18
536,G-,0.9966422026654453,1.0000813067785532,false,0,-5.648015692291675e-18
537,G+,0.9966422026654453,1.0108930882489755,false,0,-3.2763234399796337e-18
538,G-,0.9966422026654453,1.0413757175331277,false,0,-5.828433710056841e-18
539,G+,0.9966422026654453,1.0405382721122087,false,0,-5.874173489208573e-18
540,G-,0.9966422026654453,1.0326962528785426,false,0,-5.742883382384156e-18
541,G+,0.9966422026654453,1.0067266821686602,false,0,-5.166900978251232e-18
542,G-,0.9966422026654453,0.9905795821712267,true,0,-4.275822317739708e-18
543,G+,0.9966422026654453,1.0095131741448582,false,0,-5.844527336054672e-18
544,G-,0.9966422026654453,1.0145171487075748,false,0,-5.583641188300348e-18
545,G+,0.9966422026654453,1.0001479492099916,false,0,-4.423206050561956e-18
546,G-,0.9966422026654453,1.0015180348778079,false,0,-4.5841423105402734e-18
547,G+,0.9966422026654453,1.0009810769576308,false,0,-4.594306705907325e-18
548,G-,0.9966422026654453,0.9994452358205522,true,0,-3.836212218114726e-18
549,G+,0.9966422026654453,1.0009234778514247,false,0,-2.9705445460208313e-18
550,G-,0.9966422026654453,1.0013899083680122,false,0,-3.0391542147484296e-18
551,G+,0.9966422026654453,1.000249676121746,false,0,-7.697835424647081e-18
552,G-,0.9966422026654453,1.0000419118279216,false,0,-6.5611172094318104e-18
553,G+,0.9966422026654453,1.000018667273056,false,0,-3.865858371268627e-18
554,G-,0.9966422026654453,1.0001357878150747,false,0,-3.691369584134241e-18
555,G+,0.9966422026654453,1.0011735924457632,false,0,-5.226193284559033e-18
556,G-,0.9966422026654453,0.9991497802963176,true,0,-5.163512846462215e-18
557,G+,0.9966422026654453,0.9995076519689355,true,0,-6.962610826430349e-18
558,G-,0.9966422026654453,1.0009834651690943,false,0,-7.147264008931786e-18
559,F,0.9999853352881785,NaN,false,-300,NaN
560,F,0.9983137689768119,1.6405386904640922,false,0,-3.713392440762853e-18
561,F,0.9974779858211287,1.2760636952666664,false,0,-7.365798509323396e-18
562,F,0.997060094243287,1.1226962722100973,false,0,-1.1277396659743755e-17
563,F,0.9966436230248616,1.000223319930459,false,0,-7.935004649878286e-18
564,F,0.9966434949324822,1.000997129477558,false,0,-8.036648603548802e-18
565,F,0.9966429128451535,0.9999773747127235,true,0,-5.930924696674611e-18
566,G+,1.0066429128451535,NaN,false,-300,NaN
567,G-,0.9866429128451535,0.26196771596533225,true,0,-5.930924696674611e-18
568,G0,0.9966429128451535,0.9999773747127222,true,0,-5.930924696674611e-18
569,G+,0.9966429128451535,1.000686194976002,false,0,-5.921607334254814e-18
570,G-,0.9966429128451535,1.0018849739867939,false,0,-3.0696474008495844e-18
571,G+,0.9966429128451535,1.0016064943094027,false,0,-4.790818349670323e-18
572,G-,0.9966429128451535,0.9997160797131096,true,0,-4.424900116456465e-18
573,G+,0.9966429128451535,1.0006502330399254,false,0,-3.266159044612582e-18
574,G-,0.9966429128451535,1.0017771335229217,false,0,-7.077807307256934e-18
575,G+,0.9966429128451535,1.000566989296769,false,0,-6.003769530138481e-18
576,G-,0.9966429128451535,1.0003271768242237,false,0,-6.21044556926853e-18
577,G+,0.9966429128451535,1.0111439288849373,false,0,-4.614635496641428e-18
578,G-,0.9966429128451535,1.0416418579239979,false,0,-4.352055282992595e-18
579,G+,0.9966429128451535,1.0408074249638803,false,0,-7.280248181650711e-18
580,G-,0.9966429128451535,1.0329555932253391,false,0,-3.577867169202165e-18
581,G+,0.9966429128451535,1.0069752487938965,false,0,-5.698837669126933e-18
582,G-,0.9966429128451535,0.990821218058926,true,0,-5.573476792933296e-18
583,G+,0.9966429128451535,1.0097631524166395,false,0,-7.580944877925988e-18
584,G-,0.9966429128451535,1.014771522676207,false,0,-6.664455228996835e-18
585,G+,0.9966429128451535,1.0003934224280986,false,0,-3.266159044612582e-18
586,G-,0.9966429128451535,1.0017644690344352,false,0,-7.806255641895632e-18
587,G+,0.9966429128451535,1.001226978568681,false,0,-5.709002064493984e-18
588,G-,0.9966429128451535,0.9996911398720558,true,0,-5.86570315973603e-18
589,G+,0.9966429128451535,1.0011690238673325,false,0,-5.8987374446789476e-18
590,G-,0.9966429128451535,1.001636356191551,false,0,-5.366800753803247e-18
591,G+,0.9966429128451535,1.000495623794384,false,0,-7.594497405082057e-18
592,G-,0.9966429128451535,1.000287745965989,false,0,-5.38712954453735e-18
593,G+,0.9966429128451535,1.0002645984467133,false,0,-7.586027075609514e-18
594,G-,0.9966429128451535,1.0003816443016436,false,0,-6.988021814847978e-18
595,G+,0.9966429128451535,1.0014196351688027,false,0,-7.023597198632658e-18
596,G-,0.9966429128451535,0.9993955371106712,true,0,-6.759322919089317e-18
597,G+,0.9966429128451535,0.999753482046812,true,0,-5.8394451383711465e-18
598,G-,0.9966429128451535,1.0012294555664862,false,0,-5.382047346853824e-18
599,F,0.9999853383897894,NaN,false,-300,NaN
600,F,0.9966430061374402,1.0000099037309778,false,0,-4.296151108473811e-18
601,F,0.9966429594912969,0.9999936389601084,true,0,-3.7692966152816365e-18
602,G+,1.006642959491297,NaN,false,-300,NaN
603,G-,0.9866429594912969,0.2619697589564588,true,0,-3.7692966152816365e-18
604,G0,0.9966429594912969,0.9999936389601071,true,0,-3.7692966152816365e-18
605,G+,0.9966429594912969,1.0007024797360713,false,0,-5.7801528320633455e-18
606,G-,0.9966429594912969,1.0019012358907673,false,0,-7.352245982167327e-18
607,G+,0.9966429594912969,1.0016227818911254,false,0,-7.995991022080595e-18
608,G-,0.9966429594912969,0.999732336786565,true,0,-3.2229603643026128e-18
609,G+,0.9966429594912969,1.000666511984248,false,0,-4.081004739871219e-18
610,G-,0.9966429594912969,1.0017933976469502,false,0,-5.6107462426124854e-18
611,G+,0.9966429594912969,1.0005832638100358,false,0,-6.8067567641355575e-18
612,G-,0.9966429594912969,1.0003434453127749,false,0,-4.861969117239684e-18
613,G+,0.9966429594912969,1.011160526824365,false,0,-7.911287727355165e-18
614,G-,0.9966429594912969,1.0416594639463268,false,0,-2.9519098211812367e-18
615,G+,0.9966429594912969,1.0408252322347487,false,0,-4.021712433563418e-18
616,G-,0.9966429594912969,1.0329727476603165,false,0,-6.928729508540177e-18
617,G+,0.9966429594912969,1.0069916938666257,false,0,-5.685285141970864e-18
618,G-,0.9966429594912969,0.9908372051698896,true,0,-5.809798985217246e-18
619,G+,0.9966429594912969,1.0097796892144726,false,0,-3.093364323372705e-18
620,G-,0.9966429594912969,1.0147883510793831,false,0,-5.214334823297473e-18
621,G+,0.9966429594912969,1.0004096755874814,false,0,-4.018324301774401e-18
622,G-,0.9966429594912969,1.0017807602694357,false,0,-6.18672864674541e-18
623,G+,0.9966429594912969,1.0012432522923125,false,0,-4.662069341687669e-18
624,G-,0.9966429594912969,0.9997074043293228,true,0,-5.2244992186645245e-18
625,G+,0.9966429594912969,1.0011852839698712,false,0,-5.753047777751208e-18
626,G-,0.9966429594912969,1.001652644790983,false,0,-6.5865281978494394e-18
627,G+,0.9966429594912969,1.0005118975481113,false,0,-4.4824983568697574e-18
628,G-,0.9966429594912969,1.0003040093046554,false,0,-4.313091767418897e-18
629,G+,0.9966429594912969,1.0002808697416135,false,0,-6.4408385309217e-18
630,G-,0.9966429594912969,1.000397910406325,false,0,-6.3188657865170805e-18
631,G+,0.9966429594912969,1.0014359135183228,false,0,-3.254300583351022e-18
632,G-,0.9966429594912969,0.9994117968793186,true,0,-4.977165598066269e-18
633,G+,0.9966429594912969,0.9997697468158043,true,0,-4.6264939579029885e-18
634,G-,0.9966429594912969,1.0012457302836433,false,0,-4.8213115357714775e-18
635,F,0.9999853385935099,NaN,false,-300,NaN
636,F,0.9983141490424033,1.7138980735165668,false,0,-5.017823179534475e-18
637,F,0.9974785542668502,1.288019797386862,false,0,-6.881295663493936e-18
638,F,0.9970607568790735,1.1261974615755133,false,0,-3.0493186101154812e-18
639,F,0.996647929674688,1.001717586495442,false,0,-5.04831636563563e-18
640,F,0.9966474811921904,1.0044433298034603,false,0,-8.863352760068999e-18
641,F,0.9966454445829924,1.000854878811463,false,0,-6.046121177501196e-18
642,F,0.9966452205326709,1.0022124726486061,false,0,-8.714274961352242e-18
643,F,0.9966442020371447,1.0004240756748033,false,0,-5.724248657544562e-18
644,F,0.9966440900596459,1.0011015597109854,false,0,-3.2644649787180735e-18
645,F,0.9966435807642208,1.0002088115481746,false,0,-5.758129975434734e-18
646,F,0.9966435247873783,1.0005472261630899,false,0,-4.084392871660236e-18
647,F,0.9966432701277589,1.0001012138159995,false,0,-5.947865355619697e-18
648,F,0.9966432421423131,1.0002703393745407,false,0,-7.741881137904305e-18
649,F,0.9966431148095278,1.0000474235290262,false,0,-5.739495250595139e-18
650,F,0.9966431008175488,1.0001319658838075,false,0,-6.80336863234654e-18
651,F,0.9966430371504124,1.0000205305298815,false,0,-3.7777669447541795e-18
652,F,0.9966430301546088,1.0000627966027502,false,0,-6.2765141391543655e-18
653,F,0.9966429789060758,1.0000003617185476,true,0,-2.5055234579782204e-18
654,F,0.9966429771571597,1.0000109272798132,false,0,-6.281596336837891e-18
655,F,0.9966429619181443,0.9999944793000372,true,0,-4.457087368452128e-18
656,G+,1.0066429619181443,NaN,false,-300,NaN
657,G-,0.9866429619181443,0.2619698644957035,true,0,-4.457087368452128e-18
658,G0,0.9966429619181443,0.9999944793000398,true,0,-4.457087368452128e-18
659,G+,0.9966429619181443,1.0007033219578378,false,0,-5.657333054711472e-18
660,G-,0.9966429619181443,1.0019020753009054,false,0,-7.077807307256934e-18
661,G+,0.9966429619181443,1.0016236237615308,false,0,-6.020710189083567e-18
662,G-,0.9966429619181443,0.9997331764451548,true,0,-3.4982460721602604e-18
663,G+,0.9966429619181443,1.0006673538763144,false,0,-5.29056778855036e-18
664,G-,0.9966429619181443,1.0017942372365722,false,0,-3.933621007048971e-18
665,G+,0.9966429619181443,1.0005841047465505,false,0,-2.9205696021328276e-18
666,G-,0.9966429619181443,1.0003442858044986,false,0,-5.819116347637043e-18
667,G+,0.9966429619181443,1.0111613843108211,false,0,-5.803869754586466e-18
668,G-,0.9966429619181443,1.0416603737352303,false,0,-3.5490680489955184e-18
669,G+,0.9966429619181443,1.0408261523273203,false,0,-4.3444319864673064e-18
670,G-,0.9966429619181443,1.0329736342066018,false,0,-7.328529059644207e-18
671,G+,0.9966429619181443,1.0069925435776597,false,0,-6.830473686658678e-18
672,G-,0.9966429619181443,0.9908380311842362,true,0,-2.0006918214146574e-18
673,G+,0.9966429619181443,1.0097805437506369,false,0,-3.6591823321385775e-18
674,G-,0.9966429619181443,1.0147892206493636,false,0,-3.57109090562413e-18
675,G+,0.9966429619181443,1.0004105147238667,false,0,-5.37527108327579e-18
676,G-,0.9966429619181443,1.0017816026871205,false,0,-4.662069341687669e-18
677,G+,0.9966429619181443,1.0012440928915867,false,0,-7.416620486158654e-18
678,G-,0.9966429619181443,0.9997082449364159,true,0,-2.2073678605447067e-18
679,G+,0.9966429619181443,1.0011861233552228,false,0,-8.805754519655706e-18
680,G-,0.9966429619181443,1.0016534872550502,false,0,-7.88079454125401e-18
681,G+,0.9966429619181443,1.0005127383045358,false,0,-4.87890977618477e-18
682,G-,0.9966429619181443,1.0003048496730966,false,0,-6.761016984983825e-18
683,G+,0.9966429619181443,1.0002817104415858,false,0,-4.45539330255762e-18
684,G-,0.9966429619181443,1.0003987508512282,false,0,-5.842833270160164e-18
685,G+,0.9966429619181443,1.0014367545992653,false,0,-3.657488266244069e-18
686,G-,0.9966429619181443,0.9994126369836123,true,0,-3.4592825565865626e-18
687,G+,0.9966429619181443,0.9997705871707947,true,0,-2.752857078576476e-18
688,G-,0.9966429619181443,1.0012465711854803,false,0,-2.0210206121487606e-18
689,F,0.9999853386041088,NaN,false,-300,NaN
690,F,0.9966429619227463,0.9999944809049222,true,0,-9.967883723288606e-18
691,G+,1.0066429619227462,NaN,false,-300,NaN
692,G-,0.9866429619227463,0.2619698646972328,true,0,-9.967883723288606e-18
693,G0,0.9966429619227463,0.99999448090492,true,0,-9.967883723288606e-18
694,G+,0.9966429619227463,1.0007033235651994,false,0,-7.443725540470791e-18
695,G-,0.9966429619227463,1.001902076905111,false,0,-9.605353621863766e-18
696,G+,0.9966429619227463,1.0016236253688957,false,0,-9.388513187366665e-18
697,G-,0.9966429619227463,0.9997331780491661,true,0,-8.098482008698366e-18
698,G+,0.9966429619227463,1.000667355483092,false,0,-6.962610826430349e-18
699,G-,0.9966429619227463,1.0017942388410286,false,0,-6.6542908336297835e-18
700,G+,0.9966429619227463,1.0005841063524847,false,0,-9.930614273609417e-18
701,G-,0.9966429619227463,1.0003442874097697,false,0,-6.434062267343665e-18
702,G+,0.9966429619227463,1.0111613859485797,false,0,-9.398677582733717e-18
703,G-,0.9966429619227463,1.0416603754725613,false,0,-8.012084648078427e-18
704,G+,0.9966429619227463,1.0408261540844816,false,0,-9.487616042195418e-18
705,G-,0.9966429619227463,1.0329736358994412,false,0,-8.622795403048777e-18
706,G+,0.9966429619227463,1.0069925452004118,false,0,-1.0028870095490916e-17
707,G-,0.9966429619227463,0.9908380327617655,true,0,-6.888918960019225e-18
708,G+,0.9966429619227463,1.0097805453824844,false,0,-1.0918254690107931e-17
709,G-,0.9966429619227463,1.014789222309972,false,0,-8.626183534837795e-18
710,G+,0.9966429619227463,1.0004105163273083,false,0,-6.430674135554648e-18
711,G-,0.9966429619227463,1.001781604295046,false,0,-1.0074609874642648e-17
712,G+,0.9966429619227463,1.0012440944972747,false,0,-1.0177947894207673e-17
713,G-,0.9966429619227463,0.9997082465414643,true,0,-7.857924651678144e-18
714,G+,0.9966429619227463,1.001186124959299,false,0,-1.0529466567318208e-17
715,G-,0.9966429619227463,1.0016534888628141,false,0,-1.2115959277525512e-17
716,G+,0.9966429619227463,1.0005127399103155,false,0,-8.793896058394146e-18
717,G-,0.9966429619227463,1.000304851277937,false,0,-5.5294310796760726e-18
718,G+,0.9966429619227463,1.000281712047163,false,0,-9.205554070759736e-18
719,G-,0.9966429619227463,1.000398752456306,false,0,-8.848106167018421e-18
720,G+,0.9966429619227463,1.0014367562055404,false,0,-6.542482484592216e-18
721,G-,0.9966429619227463,0.9994126385880593,true,0,-8.507598922222193e-18
722,G+,0.9966429619227463,0.9997705887757198,true,0,-8.937891659427377e-18
723,G-,0.9966429619227463,1.0012465727914142,false,0,-5.9665000804592916e-18
724,F,0.999985338604129,NaN,false,-300,NaN
725,F,0.9983141502634376,1.6983241626517747,false,0,-5.3430838312801265e-18
726,F,0.9974785560930919,1.2752704311177328,false,0,-3.8963515573697816e-18
727,F,0.9970607590079191,1.127761603263159,false,0,-9.954331196132538e-18
728,F,0.9966429716301289,0.9999978422770611,true,0,-4.208059681959364e-18
729,G+,1.0066429716301288,NaN,false,-300,NaN
730,G-,0.9866429716301289,0.26197028685447643,true,0,-4.208059681959364e-18
731,G0,0.9966429716301289,0.9999978422770625,true,0,-4.208059681959364e-18
732,G+,0.9966429716301289,1.000706692464689,false,0,-3.426248271643645e-18
733,G-,0.9966429716301289,1.0019054345580667,false,0,-6.816921159502609e-18
734,G+,0.9966429716301289,1.0016269928628996,false,0,-7.165898733771381e-18
735,G-,0.9966429716301289,0.9997365366959553,true,0,-4.354596381834358e-18
736,G+,0.9966429716301289,1.000670723063783,false,0,-3.381355525439167e-18
737,G-,0.9966429716301289,1.0017975972119084,false,0,-5.709002064493984e-18
738,G+,0.9966429716301289,1.0005874701109252,false,0,-7.48099499014998e-18
739,G-,0.9966429716301289,1.000347649389103,false,0,-4.577366046962239e-18
740,G+,0.9966429716301289,1.0111648159072697,false,0,-7.403067959002585e-18
741,G-,0.9966429716301289,1.0416640146419116,false,0,-4.487580554553283e-18
742,G+,0.9966429716301289,1.0408298344689624,false,0,-4.7510078011493706e-18
743,G-,0.9966429716301289,1.032977182098129,false,0,-8.158621347953421e-18
744,G+,0.9966429716301289,1.0069959440572012,false,0,-7.291259609965017e-18
745,G-,0.9966429716301289,0.9908413368311588,true,0,-8.71596902724675e-18
746,G+,0.9966429716301289,1.0097839635398542,false,0,-5.297344052128394e-18
747,G-,0.9966429716301289,1.014792700603256,false,0,-4.868745380817718e-18
748,G+,0.9966429716301289,1.0004138728852634,false,0,-2.6444368613279257e-18
749,G-,0.9966429716301289,1.0017849739781688,false,0,-5.485385366418849e-18
750,G+,0.9966429716301289,1.0012474569067549,false,0,-6.5695875389043534e-18
751,G-,0.9966429716301289,0.9997116089822438,true,0,-8.56435012968823e-18
752,G+,0.9966429716301289,1.001189482513124,false,0,-5.811493051111755e-18
753,G-,0.9966429716301289,1.001656858731477,false,0,-6.366299631563321e-18
754,G+,0.9966429716301289,1.0005161029484004,false,0,-8.007849483342155e-18
755,G-,0.9966429716301289,1.0003082127641172,false,0,-8.375461782450522e-18
756,G+,0.9966429716301289,1.000285074859456,false,0,-6.613633252161577e-18
757,G-,0.9966429716301289,1.0004021142483297,false,0,-5.138101858044586e-18
758,G+,0.9966429716301289,1.0014401205416836,false,0,-4.9636130709102e-18
759,G-,0.9966429716301289,0.9994159990176507,true,0,-5.89534931288993e-18
760,G+,0.9966429716301289,0.9997739502081107,true,0,-7.14218181124826e-18
761,G-,0.9966429716301289,1.001249936411119,false,0,-7.208250381134096e-18
762,F,0.999983538842189,NaN,false,-300,NaN
763,F,0.9966429716301576,0.9999978422756192,true,0,-5.9495594215142056e-18
764,G+,1.0066429716301575,NaN,false,-300,NaN
765,G-,0.9866429716301576,0.2619702868538808,true,0,-5.9495594215142056e-18
766,G0,0.9966429716301576,0.9999978422756213,true,0,-5.9495594215142056e-18
767,G+,0.9966429716301576,1.0007066924633747,false,0,-4.415582754036668e-18
768,G-,0.9966429716301576,1.0019054345564973,false,0,-6.871131268126884e-18
769,G+,0.9966429716301576,1.001626992861462,false,0,-4.374078139621207e-18
770,G-,0.9966429716301576,0.9997365366945047,true,0,-6.1155778791760484e-18
771,G+,0.9966429716301576,1.0006707230624836,false,0,-2.563121698391513e-18
772,G-,0.9966429716301576,1.0017975972103312,false,0,-6.2595734802092795e-18
773,G+,0.9966429716301576,1.000587470109482,false,0,-4.560425388017153e-18
774,G-,0.9966429716301576,1.0003476493876633,false,0,-6.745770391933248e-18
775,G+,0.9966429716301576,1.011164815905823,false,0,-3.933621007048971e-18
776,G-,0.9966429716301576,1.0416640146402885,false,0,-6.264655677892805e-18
777,G+,0.9966429716301576,1.0408298344674318,false,0,-7.462360265310386e-18
778,G-,0.9966429716301576,1.032977182096531,false,0,-4.099639464710814e-18
779,G+,0.9966429716301576,1.006995944055791,false,0,-3.4423418976414766e-18
780,G-,0.9966429716301576,0.9908413368296887,true,0,-4.54009659728305e-18
781,G+,0.9966429716301576,1.0097839635384191,false,0,-6.2934547980994515e-18
782,G-,0.9966429716301576,1.0147927006017516,false,0,-7.907899595566148e-18
783,G+,0.9966429716301576,1.000413872883695,false,0,-2.1277467635028025e-18
784,G-,0.9966429716301576,1.0017849739768572,false,0,-6.188422712639918e-18
785,G+,0.9966429716301576,1.0012474569052432,false,0,-3.733721231496956e-18
786,G-,0.9966429716301576,0.9997116089808773,true,0,-4.682398132421772e-18
787,G+,0.9966429716301576,1.0011894825115324,false,0,-5.923301400149322e-18
788,G-,0.9966429716301576,1.001656858730219,false,0,-5.38712954453735e-18
789,G+,0.9966429716301576,1.0005161029469327,false,0,-6.434062267343665e-18
790,G-,0.9966429716301576,1.0003082127626985,false,0,-4.9873299934333204e-18
791,G+,0.9966429716301576,1.0002850748579954,false,0,-5.370188885592264e-18
792,G-,0.9966429716301576,1.0004021142469046,false,0,-6.384934356402916e-18
793,G+,0.9966429716301576,1.001440120540219,false,0,-5.9919110688769206e-18
794,G-,0.9966429716301576,0.9994159990162277,true,0,-7.545369494141307e-18
795,G+,0.9966429716301576,0.9997739502066608,true,0,-7.026985330421676e-18
796,G-,0.9966429716301576,1.0012499364096763,false,0,-4.699338791366858e-18
797,F,0.9999853386465247,NaN,false,-300,NaN
798,F,0.9983141551383411,NaN,false,-300,NaN
799,F,0.9974785633842493,NaN,false,-300,NaN
800,F,0.9970607675072035,NaN,false,-300,NaN
801,F,0.9966430104595807,1.0000112879635927,false,0,-6.0816965612858764e-18
802,F,0.9966430069617737,1.000032420017619,false,0,-6.993104012531504e-18
803,F,0.9966429910448691,1.0000045650749145,false,0,-6.220609964635582e-18
804,F,0.9966429892959773,1.0000151307829601,false,0,-7.17945126092745e-18
805,F,0.9966429813375134,1.0000012036641208,false,0,-5.756435909540225e-18
806,F,0.9966429804630703,1.0000064864384188,false,0,-3.664264529822103e-18
807,F,0.9966429764838355,0.9999995229670702,true,0,-9.185225280025633e-18
808,G+,1.0066429764838354,NaN,false,-300,NaN
809,G-,0.9866429764838355,0.26197049793243277,true,0,-9.185225280025633e-18
810,G0,0.9966429764838355,0.9999995229670686,true,0,-9.185225280025633e-18
811,G+,0.9966429764838355,1.0007083769184528,false,0,-3.689675518239732e-18
812,G-,0.9966429764838355,1.0019071133883832,false,0,-4.950060543754131e-18
813,G+,0.9966429764838355,1.0016286766138138,false,0,-3.876022766635678e-18
814,G-,0.9966429764838355,0.9997382160232927,true,0,-6.207904470426767e-18
815,G+,0.9966429764838355,1.0006724068581658,false,0,-5.700531735021441e-18
816,G-,0.9966429764838355,1.001799276401173,false,0,-5.77507063437982e-18
817,G+,0.9966429764838355,1.000589151994063,false,0,-4.604471101274377e-18
818,G-,0.9966429764838355,1.0003493303827222,false,0,-5.322755040546023e-18
819,G+,0.9966429764838355,1.0111665308907796,false,0,-3.581255300991182e-18
820,G-,0.9966429764838355,1.041665834230953,false,0,-6.080849528338622e-18
821,G+,0.9966429764838355,1.0408316746659454,false,0,-7.491159385517032e-18
822,G-,0.9966429764838355,1.0329789552018143,false,0,-6.491660507756958e-18
823,G+,0.9966429764838355,1.0069976434896837,false,0,-8.782037597132586e-18
824,G-,0.9966429764838355,0.990842988869564,true,0,-5.9385479931999e-18
825,G+,0.9966429764838355,1.0097856726226082,false,0,-5.5175726184145124e-18
826,G-,0.9966429764838355,1.014794439754264,false,0,-6.461167321655803e-18
827,G+,0.9966429764838355,1.0004155511680843,false,0,-5.195700098457878e-18
828,G-,0.9966429764838355,1.0017866588237494,false,0,-5.773376568485311e-18
829,G+,0.9966429764838355,1.0012491381153485,false,0,-8.632959798415829e-18
830,G-,0.9966429764838355,0.999713290206632,true,0,-6.227386228213616e-18
831,G+,0.9966429764838355,1.001191161293854,false,0,-4.898391533971619e-18
832,G-,0.9966429764838355,1.001658543669876,false,0,-5.282097459077817e-18
833,G+,0.9966429764838355,1.0005177844713407,false,0,-6.05289744107923e-18
834,G-,0.9966429764838355,1.0003098935111612,false,0,-4.457087368452128e-18
835,G+,0.9966429764838355,1.0002867562695075,false,0,-4.153849573335089e-18
836,G-,0.9966429764838355,1.000403795148289,false,0,-9.119156710139797e-18
837,G+,0.9966429764838355,1.0014418027136447,false,0,-5.0550926292136644e-18
838,G-,0.9966429764838355,0.9994176792363947,true,0,-6.623797647528629e-18
839,G+,0.9966429764838355,0.9997756309282386,true,0,-7.811337839579158e-18
840,G-,0.9966429764838355,1.0012516182248725,false,0,-1.0450692503223558e-17
841,F,0.9966651451423291,NaN,false,-300,NaN
842,F,0.9966429764838355,0.9999995229562244,true,0,-6.444226662710717e-18
843,G+,1.0066429764838354,NaN,false,-300,NaN
844,G-,0.9866429764838355,0.26197049793090527,true,0,-6.444226662710717e-18
845,G0,0.9966429764838355,0.999999522956227,true,0,-6.444226662710717e-18
846,G+,0.9966429764838355,1.0007083769082192,false,0,-6.118966010965066e-18
847,G-,0.9966429764838355,1.0019071133769324,false,0,-3.1340219048409113e-18
848,G+,0.9966429764838355,1.0016286766031826,false,0,-7.440337408681774e-18
849,G-,0.9966429764838355,0.9997382160122378,true,0,-4.955989774384911e-18
850,G+,0.9966429764838355,1.0006724068479182,false,0,-5.299038118022903e-18
851,G-,0.9966429764838355,1.001799276389759,false,0,-8.63126573252132e-18
852,G+,0.9966429764838355,1.0005891519832577,false,0,-6.911788849595091e-18
853,G-,0.9966429764838355,1.0003493303718334,false,0,-9.913673614664331e-18
854,G+,0.9966429764838355,1.0111665308796574,false,0,-7.359022245745361e-18
855,G-,0.9966429764838355,1.0416658342192706,false,0,-5.3032732827591744e-18
856,G+,0.9966429764838355,1.0408316746541224,false,0,-6.013086892558278e-18
857,G-,0.9966429764838355,1.0329789551905122,false,0,-6.413733476609562e-18
858,G+,0.9966429764838355,1.0069976434787598,false,0,-6.3696877633523385e-18
859,G-,0.9966429764838355,0.9908429888588827,true,0,-5.937700960252645e-18
860,G+,0.9966429764838355,1.0097856726116747,false,0,-7.597885536871074e-18
861,G-,0.9966429764838355,1.0147944397430926,false,0,-6.322253918306098e-18
862,G+,0.9966429764838355,1.0004155511567658,false,0,-4.726443845678996e-18
863,G-,0.9966429764838355,1.0017866588134154,false,0,-8.199278929421627e-18
864,G+,0.9966429764838355,1.001249138104311,false,0,-6.2172218328465645e-18
865,G-,0.9966429764838355,0.9997132901959997,true,0,-6.238397656527922e-18
866,G+,0.9966429764838355,1.001191161282443,false,0,-6.878754564652173e-18
867,G-,0.9966429764838355,1.0016585436596932,false,0,-8.931115395849343e-18
868,G+,0.9966429764838355,1.0005177844604292,false,0,-5.573476792933296e-18
869,G-,0.9966429764838355,1.0003098935003776,false,0,-6.566199407115336e-18
870,G+,0.9966429764838355,1.0002867562586522,false,0,-5.397293939904402e-18
871,G-,0.9966429764838355,1.0004037951374598,false,0,-8.03834266944331e-18
872,G+,0.9966429764838355,1.0014418027027931,false,0,-8.43814222054734e-18
873,G-,0.9966429764838355,0.9994176792255596,true,0,-6.5221536938581126e-18
874,G+,0.9966429764838355,0.9997756309173901,true,0,-5.421010862427522e-18
875,G-,0.9966429764838355,1.0012516182140392,false,0,-5.5345132773595984e-18
876,F,0.9966652003368847,NaN,false,-300,NaN
877,F,0.9966540884103601,NaN,false,-300,NaN
878,F,0.9966485324470977,NaN,false,-300,NaN
879,F,0.9966457544654667,NaN,false,-300,NaN
880,F,0.9966429958985201,1.00000624577189,false,0,-5.209252625613947e-18
881,F,0.9966429941496379,1.0000168115386294,false,0,-9.784924606681678e-18
882,F,0.9966429861911777,1.0000028843528885,false,0,-7.208250381134096e-18
883,F,0.9966429853167397,1.0000081671565555,false,0,-1.1140177322288558e-17
884,F,0.9966429813375066,1.0000012036517698,false,0,-6.860966872759833e-18
885,F,0.9966429809002882,1.000003845033664,false,0,-8.853188364701947e-18
886,F,0.9966429789106711,1.0000003633033145,true,0,-6.435756333238174e-18
887,F,0.996642978692062,1.000001683989279,false,0,-7.286177412281492e-18
888,F,0.9966429776972533,0.9999999431296032,true,0,-7.247213896707794e-18
889,F,0.9966429775879488,1.0000006034713593,true,0,-7.545369494141307e-18
890,F,0.9966429770905444,0.9999997330428831,true,0,-7.350551916272818e-18
891,F,0.9966429770358921,1.0000000632134478,true,0,-3.721862770235396e-18
892,F,0.9966429767871899,0.9999996279995476,true,0,-7.890958936621062e-18
893,F,0.9966429767598638,0.9999997930847693,true,0,-7.552145757719342e-18
894,F,0.996642976559674,0.9999995492170498,true,0,-5.505714157152952e-18
895,F,0.9966429765528426,0.9999995904883607,true,0,-7.989214758502561e-18
896,F,0.9966429764933153,0.9999995262388409,true,0,-3.7100043089738355e-18
897,F,0.9966429764924614,0.9999995313977804,true,0,-3.2983462966082455e-18
898,F,0.996642976484428,0.9999995231614147,true,0,-4.506215279392878e-18
899,F,0.9966429764843746,0.999999523483868,true,0,-4.684092198316281e-18
900,F,0.996642976483854,0.9999995229626585,true,0,-6.632267977001172e-18
901,F,0.9966429764838522,0.9999995229727376,true,0,-7.443725540470791e-18
902,F,0.9966429764838358,0.999999522956349,true,0,-6.390016554086442e-18
903,G+,1.0066429764838358,NaN,false,-300,NaN
904,G-,0.9866429764838358,0.2619704979309192,true,0,-6.390016554086442e-18
905,G0,0.9966429764838358,0.9999995229563513,true,0,-6.390016554086442e-18
906,G+,0.9966429764838358,1.0007083769083427,false,0,-3.8031779331718085e-18
907,G-,0.9966429764838358,1.0019071133770523,false,0,-4.611247364852411e-18
908,G+,0.9966429764838358,1.0016286766033056,false,0,-3.2864878353466853e-18
909,G-,0.9966429764838358,0.9997382160123577,true,0,-4.605318134221631e-18
910,G+,0.9966429764838358,1.000672406848044,false,0,-4.944978346070605e-18
911,G-,0.9966429764838358,1.0017992763898826,false,0,-4.2063656160648555e-18
912,G+,0.9966429764838358,1.0005891519833827,false,0,-3.059483005482533e-18
913,G-,0.9966429764838358,1.0003493303719524,false,0,-6.3612174338797955e-18
914,G+,0.9966429764838358,1.0111665308797821,false,0,-3.300040362502754e-18
915,G-,0.9966429764838358,1.041665834219404,false,0,-4.5163796747599294e-18
916,G+,0.9966429764838358,1.0408316746542494,false,0,-3.850611778218049e-18
917,G-,0.9966429764838358,1.0329789551906297,false,0,-3.916680348103885e-18
918,G+,0.9966429764838358,1.0069976434788794,false,0,-2.80876125309526e-18
919,G-,0.9966429764838358,0.9908429888589968,true,0,-6.3273361159896235e-18
920,G+,0.9966429764838358,1.0097856726117964,false,0,-4.1555436392295975e-18
921,G-,0.9966429764838358,1.0147944397432187,false,0,-2.0599841277224584e-18
922,G+,0.9966429764838358,1.000415551156883,false,0,-4.955142741437657e-18
923,G-,0.9966429764838358,1.0017866588135367,false,0,-4.346973085309069e-18
924,G+,0.9966429764838358,1.0012491381044333,false,0,-2.2090619264392153e-18
925,G-,0.9966429764838358,0.9997132901961212,true,0,-6.0308745844506184e-18
926,G+,0.9966429764838358,1.0011911612825632,false,0,-3.0222135558033436e-18
927,G-,0.9966429764838358,1.001658543659815,false,0,-5.078809551736785e-18
928,G+,0.9966429764838358,1.0005177844605515,false,0,-5.361718556119721e-18
929,G-,0.9966429764838358,1.0003098935005048,false,0,-2.8612772958250265e-18
930,G+,0.9966429764838358,1.0002867562587743,false,0,-1.5415999640028266e-18
931,G-,0.9966429764838358,1.000403795137577,false,0,-4.1894249571197695e-18
932,G+,0.9966429764838358,1.0014418027029135,false,0,-4.057287817348099e-18
933,G-,0.9966429764838358,0.9994176792256817,true,0,-2.673235981534572e-18
934,G+,0.9966429764838358,0.9997756309175059,true,0,-5.070339222264242e-18
935,G-,0.9966429764838358,1.0012516182141593,false,0,-3.1679032227310833e-18
936,F,0.9999853386677224,NaN,false,-300,NaN
937,F,0.9966429764838358,0.9999995229563479,true,0,-6.390016554086442e-18
938,G+,1.0066429764838358,NaN,false,-300,NaN
939,G-,0.9866429764838358,0.2619704979309192,true,0,-6.390016554086442e-18
940,G0,0.9966429764838358,0.9999995229563513,true,0,-6.390016554086442e-18
941,G+,0.9966429764838358,1.0007083769083427,false,0,-3.8031779331718085e-18
942,G-,0.9966429764838358,1.0019071133770523,false,0,-4.611247364852411e-18
943,G+,0.9966429764838358,1.0016286766033056,false,0,-3.2864878353466853e-18
944,G-,0.9966429764838358,0.9997382160123577,true,0,-4.605318134221631e-18
945,G+,0.9966429764838358,1.000672406848044,false,0,-4.944978346070605e-18
946,G-,0.9966429764838358,1.0017992763898826,false,0,-4.2063656160648555e-18
947,G+,0.9966429764838358,1.0005891519833827,false,0,-3.059483005482533e-18
948,G-,0.9966429764838358,1.0003493303719524,false,0,-6.3612174338797955e-18
949,G+,0.9966429764838358,1.0111665308797821,false,0,-3.300040362502754e-18
950,G-,0.9966429764838358,1.041665834219404,false,0,-4.5163796747599294e-18
951,G+,0.9966429764838358,1.0408316746542494,false,0,-3.850611778218049e-18
952,G-,0.9966429764838358,1.0329789551906297,false,0,-3.916680348103885e-18
953,G+,0.9966429764838358,1.0069976434788794,false,0,-2.80876125309526e-18
954,G-,0.9966429764838358,0.9908429888589968,true,0,-6.3273361159896235e-18
955,G+,0.9966429764838358,1.0097856726117964,false,0,-4.1555436392295975e-18
956,G-,0.9966429764838358,1.0147944397432187,false,0,-2.0599841277224584e-18
957,G+,0.9966429764838358,1.000415551156883,false,0,-4.955142741437657e-18
958,G-,0.9966429764838358,1.0017866588135367,false,0,-4.346973085309069e-18
959,G+,0.9966429764838358,1.0012491381044333,false,0,-2.2090619264392153e-18
960,G-,0.9966429764838358,0.9997132901961212,true,0,-6.0308745844506184e-18
961,G+,0.9966429764838358,1.0011911612825632,false,0,-3.0222135558033436e-18
962,G-,0.9966429764838358,1.001658543659815,false,0,-5.078809551736785e-18
963,G+,0.9966429764838358,1.0005177844605515,false,0,-5.361718556119721e-18
964,G-,0.9966429764838358,1.0003098935005048,false,0,-2.8612772958250265e-18
965,G+,0.9966429764838358,1.0002867562587743,false,0,-1.5415999640028266e-18
966,G-,0.9966429764838358,1.000403795137577,false,0,-4.1894249571197695e-18
967,G+,0.9966429764838358,1.0014418027029135,false,0,-4.057287817348099e-18
968,G-,0.9966429764838358,0.9994176792256817,true,0,-2.673235981534572e-18
969,G+,0.9966429764838358,0.9997756309175059,true,0,-5.070339222264242e-18
970,G-,0.9966429764838358,1.0012516182141593,false,0,-3.1679032227310833e-18
971,F,0.9999853386677224,NaN,false,-300,NaN
972,F,0.9983141575757791,2.7166524645273773,false,0,-5.099138342470888e-18
973,F,0.9974785670298074,1.3946272202676337,false,0,-8.212831456577696e-18
974,F,0.9970607717568216,1.1405129022532607,false,0,-8.067141789649956e-18
975,F,0.9966429764838398,0.999999522957733,true,0,-6.7220534694101275e-18
976,F,0.9966429764838396,0.9999995229599556,true,0,-4.78234802019778e-18
977,F,0.9966429764838378,0.999999522957046,true,0,-7.670730370334944e-18
978,G+,1.0066429764838378,NaN,false,-300,NaN
979,G-,0.9866429764838378,0.2619704979310061,true,0,-7.670730370334944e-18
980,G0,0.9966429764838378,0.9999995229570425,true,0,-7.670730370334944e-18
981,G+,0.9966429764838378,1.0007083769090346,false,0,-9.623141313756106e-18
982,G-,0.9966429764838378,1.001907113377748,false,0,-1.007291580874814e-17
983,G+,0.9966429764838378,1.0016286766039995,false,0,-8.666841116306001e-18
984,G-,0.9966429764838378,0.9997382160130495,true,0,-6.6280328122649e-18
985,G+,0.9966429764838378,1.0006724068487383,false,0,-5.952947553303223e-18
986,G-,0.9966429764838378,1.0017992763905799,false,0,-5.692061405548898e-18
987,G+,0.9966429764838378,1.0005891519840744,false,0,-5.922454367202068e-18
988,G-,0.9966429764838378,1.0003493303726456,false,0,-4.21314187964289e-18
989,G+,0.9966429764838378,1.0111665308804918,false,0,-8.494046395066124e-18
990,G-,0.9966429764838378,1.0416658342201621,false,0,-6.848261378551018e-18
991,G+,0.9966429764838378,1.0408316746550088,false,0,-9.690056916589196e-18
992,G-,0.9966429764838378,1.0329789551913626,false,0,-1.0022093831912882e-17
993,G+,0.9966429764838378,1.0069976434795846,false,0,-4.5502609926501014e-18
994,G-,0.9966429764838378,0.9908429888596822,true,0,-7.747810368535085e-18
995,G+,0.9966429764838378,1.0097856726125058,false,0,-6.4848842441789234e-18
996,G-,0.9966429764838378,1.0147944397439406,false,0,-7.430173013314723e-18
997,G+,0.9966429764838378,1.0004155511575732,false,0,-6.0816965612858764e-18
998,G-,0.9966429764838378,1.0017866588142315,false,0,-5.204170427930421e-18
999,G+,0.9966429764838378,1.0012491381051305,false,0,-5.1397959239390945e-18
1000,G-,0.9966429764838378,0.9997132901968182,true,0,-7.891805969568316e-18
1001,G+,0.9966429764838378,1.001191161283252,false,0,-9.28517516780164e-18
1002,G-,0.9966429764838378,1.001658543660512,false,0,-7.829972564418752e-18
1003,G+,0.9966429764838378,1.000517784461247,false,0,-7.694447292858064e-18
1004,G-,0.9966429764838378,1.0003098935011963,false,0,-8.83794177165137e-18
1005,G+,0.9966429764838378,1.0002867562594682,false,0,-7.375962904690447e-18
1006,G-,0.9966429764838378,1.000403795138271,false,0,-5.758129975434734e-18
1007,G+,0.9966429764838378,1.0014418027036083,false,0,-6.286678534521417e-18
1008,G-,0.9966429764838378,0.999417679226379,true,0,-7.11846488872514e-18
1009,G+,0.9966429764838378,0.9997756309182032,true,0,-5.939395026147154e-18
1010,G-,0.9966429764838378,1.0012516182148519,false,0,-4.0200183676689094e-18
1011,F,0.9999853386677224,NaN,false,-300,NaN
1012,F,0.9966429764838378,0.9999995229570439,true,0,-7.670730370334944e-18
1013,G+,1.0066429764838378,NaN,false,-300,NaN
1014,G-,0.9866429764838378,0.2619704979310061,true,0,-7.670730370334944e-18
1015,G0,0.9966429764838378,0.9999995229570425,true,0,-7.670730370334944e-18
1016,G+,0.9966429764838378,1.0007083769090346,false,0,-9.623141313756106e-18
1017,G-,0.9966429764838378,1.001907113377748,false,0,-1.007291580874814e-17
1018,G+,0.9966429764838378,1.0016286766039995,false,0,-8.666841116306001e-18
1019,G-,0.9966429764838378,0.9997382160130495,true,0,-6.6280328122649e-18
1020,G+,0.9966429764838378,1.0006724068487383,false,0,-5.952947553303223e-18
1021,G-,0.9966429764838378,1.0017992763905799,false,0,-5.692061405548898e-18
1022,G+,0.9966429764838378,1.0005891519840744,false,0,-5.922454367202068e-18
1023,G-,0.9966429764838378,1.0003493303726456,false,0,-4.21314187964289e-18
1024,G+,0.9966429764838378,1.0111665308804918,false,0,-8.494046395066124e-18
1025,G-,0.9966429764838378,1.0416658342201621,false,0,-6.848261378551018e-18
1026,G+,0.9966429764838378,1.0408316746550088,false,0,-9.690056916589196e-18
1027,G-,0.9966429764838378,1.0329789551913626,false,0,-1.0022093831912882e-17
1028,G+,0.9966429764838378,1.0069976434795846,false,0,-4.5502609926501014e-18
1029,G-,0.9966429764838378,0.9908429888596822,true,0,-7.747810368535085e-18
1030,G+,0.9966429764838378,1.0097856726125058,false,0,-6.4848842441789234e-18
1031,G-,0.9966429764838378,1.0147944397439406,false,0,-7.430173013314723e-18
1032,G+,0.9966429764838378,1.0004155511575732,false,0,-6.0816965612858764e-18
1033,G-,0.9966429764838378,1.0017866588142315,false,0,-5.204170427930421e-18
1034,G+,0.9966429764838378,1.0012491381051305,false,0,-5.1397959239390945e-18
1035,G-,0.9966429764838378,0.9997132901968182,true,0,-7.891805969568316e-18
1036,G+,0.9966429764838378,1.001191161283252,false,0,-9.28517516780164e-18
1037,G-,0.9966429764838378,1.001658543660512,false,0,-7.829972564418752e-18
1038,G+,0.9966429764838378,1.000517784461247,false,0,-7.694447292858064e-18
1039,G-,0.9966429764838378,1.0003098935011963,false,0,-8.83794177165137e-18
1040,G+,0.9966429764838378,1.0002867562594682,false,0,-7.375962904690447e-18
1041,G-,0.9966429764838378,1.000403795138271,false,0,-5.758129975434734e-18
1042,G+,0.9966429764838378,1.0014418027036083,false,0,-6.286678534521417e-18
1043,G-,0.9966429764838378,0.999417679226379,true,0,-7.11846488872514e-18
1044,G+,0.9966429764838378,0.9997756309182032,true,0,-5.939395026147154e-18
1045,G-,0.9966429764838378,1.0012516182148519,false,0,-4.0200183676689094e-18
1046,F,0.9999853386677224,NaN,false,-300,NaN
1047,F,0.9983141575757801,NaN,false,-300,NaN
1048,F,0.997478567029809,NaN,false,-300,NaN
1049,F,0.9970607717568234,NaN,false,-300,NaN
1050,F,0.9966429764838661,0.9999995229668558,true,0,-5.3346135018075835e-18
1051,F,0.9966429764838637,0.9999995229823059,true,0,-7.030373462210693e-18
1052,F,0.996642976483852,0.9999995229619659,true,0,-5.465056575684746e-18
1053,F,0.9966429764838507,0.9999995229696738,true,0,-6.11388381328154e-18
1054,F,0.9966429764838449,0.9999995229595102,true,0,-3.877716832530187e-18
1055,F,0.9966429764838443,0.9999995229633696,true,0,-9.090357589933151e-18
1056,F,0.9966429764838414,0.9999995229582707,true,0,-6.417121608398579e-18
1057,F,0.996642976483841,0.9999995229601993,true,0,-5.680202944287338e-18
