call,norm_gradient,norm_step
1,1.6134618745147972e9,NaN
2,8.490830785645403e9,0.06540207173123731
3,1.3489564048660477e11,0.44992710984061923
4,3.400322134095043e12,0.2269098838641974
5,3.9944389167254694e11,0.11345494193209893
6,3.372711591935709e12,0.23021899620558997
7,1.1334065495472175e12,0.11510949810279521
8,3.315914962100591e12,0.33387758673455137
9,3.111398539187189e12,0.16693879336727557
10,1.872347377042701e12,0.08346939668363794
11,3.156223967593502e12,0.5153837146958474
12,3.2247410665158145e12,0.25769185734792344
13,3.205986983054966e12,0.12884592867396205
14,2.315391508172298e12,0.06442296433698104
15,3.106323179002833e12,0.7162788975947519
16,3.107634226824091e12,0.35813944879737575
17,3.1452634555790615e12,0.17906972439868818
18,2.860299797361477e12,0.08953486219934384
19,2.7552018479080728e12,1.6672544962585585
20,2.9272452452902266e12,0.8336272481292791
21,3.0754497124869473e12,0.4168136240646395
22,3.092340950442053e12,0.20840681203231998
23,2.8056188716056685e12,0.12420060780153744
24,3.070831444101537e12,0.6930953581445627
25,3.026118367170643e12,0.3465476790722814
26,3.044684469151364e12,0.17327383953614045
27,3.065018041807468e12,0.08663691976807054
28,3.0341612730394478e12,0.6163752020312606
29,3.0138767953544004e12,0.22092769536672502
30,3.01196717490783e12,0.32816702592298
31,3.077230584046871e12,0.18599838718378897
32,3.032098818908322e12,0.10495752685001093
33,2.7859667951952686e12,0.05565645979432781
34,3.292386641100371e12,0.6394345615212073
35,3.1671529313385605e12,0.3197172807606034
36,3.073517485057639e12,0.1598586403803019
37,3.0718128446622563e12,0.07992932019015096
38,3.0258769687948237e12,0.08278236895530149
39,2.7752065246069155e12,0.03794772183152759
40,3.2718951490359443e12,0.569161843142045
41,3.1844123785550435e12,0.2845809215710225
42,3.069015614693853e12,0.14229046078551105
43,3.0487340620517295e12,0.07114523039275591
44,2.7457404771406025e12,0.062150053711924245
45,3.834064486295892e12,0.77070822060449
46,3.570016812877016e12,0.385354110302245
47,3.3589001719268135e12,0.19267705515112243
48,3.1536625726586465e12,0.09633852757556126
49,3.090319832529731e12,0.09061582699736524
50,2.993747373492876e12,0.018494039337862145
51,2.809037997309517e12,0.009248058374070483
52,3.6892709364416304e12,0.5442285229196461
53,3.4644941382199727e12,0.27211426145982315
54,3.3237030868417495e12,0.13605713072991119
55,3.1714018098927817e12,0.06802856536495595
56,3.090666326305558e12,0.06181222500916162
57,3.023109755429411e12,0.00862794286895824
58,3.0176593436694043e12,0.00431397143447904
59,3.017475954295293e12,0.0021569857172398124
60,2.808655825031419e12,0.0010784928586200038
61,3.532817988289545e12,0.2779105227534007
62,3.298649418459536e12,0.13895526137670028
63,3.2912517893146323e12,0.06947763068835022
64,3.15342481942443e12,0.03473881534417516
65,3.0231134376427686e12,0.027943488858394993
66,3.017583618704898e12,0.0037589740994573733
67,3.017360131800527e12,0.001879487053802845
68,3.0174949752895244e12,0.0009397435350493514
69,2.8084746900031133e12,0.00046987178382126003
70,3.47517773008889e12,0.23983952627451224
71,3.2182547385734326e12,0.11991976313725608
72,3.3010865403926504e12,0.059959881568628165
73,3.148972153804242e12,0.029979940784314058
74,3.017584209085207e12,0.026700301304324412
75,3.017326596170891e12,0.0016415481056818741
76,3.017444326431072e12,0.0008207740537571254
77,2.9968975259660615e12,0.0004103870287103721
78,2.9969268138646187e12,0.0002051935180195085
79,2.8084351300845664e12,0.00010259676633805115
80,4.0199176001800146e11,1001.375192491596
81,3.612805121585225e11,500.6875962457979
82,2.7201549164540112e11,250.34379812289902
83,1.103590067837553e11,125.17189906144948
84,3.0174260852993145e12,125.17177880110363
85,3.017486730791507e12,0.0003600480775930949
86,2.996911260522638e12,0.0001800240388353897
87,2.9969263459183984e12,9.00120194953651e-5
88,2.987981569855612e12,4.5006009903469005e-5
89,2.808426883361038e12,2.2503005262534252e-5
90,3.559388572194687e12,0.24893284015814054
91,3.2318285563695723e12,0.1244664200790703
92,3.3080463356256973e12,0.062233210039535074
93,3.1524139857449854e12,0.031116605019767398
94,2.9969152249188604e12,0.030967208116038737
95,2.9969264319199585e12,7.8512424261138e-5
96,2.987979721230009e12,3.925621223454802e-5
97,2.987982516900737e12,1.9628106324234728e-5
98,2.8084235012535825e12,9.81405357708447e-6
99,3.5172511786837964e12,0.24832441900307015
100,3.1893418219831665e12,0.12416220950153488
101,3.320556582944952e12,0.062081104750767696
102,3.150790907460445e12,0.031040552375383723
103,3.092625777693777e12,0.015520276187692148
104,3.002415009017783e12,0.007760138093845638
105,3.0179638839251763e12,0.0038800690469232555
106,3.0179990765714487e12,0.001940034523461291
107,3.017524191632333e12,0.0009700172617307643
108,3.0175331797697104e12,0.0004850086308654195
109,2.9969318586508335e12,0.00024250431543274085
110,2.996926432279935e12,0.00017816230567029625
111,2.9879790225008926e12,3.434787367158739e-5
112,2.9879814686066465e12,1.717393683582297e-5
113,2.987982691676995e12,8.586968417539206e-6
114,2.808422065007922e12,4.293484209373346e-6
115,3.3432982264939277e12,0.27657353009412244
116,3.2723149123985454e12,0.13828676504706133
117,3.296919716050229e12,0.06914338252353067
118,3.205122404929629e12,0.03457169126176503
119,3.0910419673472803e12,0.01728584563088272
120,3.0021951985076465e12,0.008642922815441358
121,3.0178534465591934e12,0.004321461407721058
122,3.0179435507440454e12,0.0021607307038598775
123,3.017496109616415e12,0.0010803653519304516
124,2.996913196499743e12,0.0005401826759647124
125,2.9969244100943354e12,0.0002700913379827632
126,2.9879790215969673e12,0.0002448680498002675
127,2.987981161900994e12,1.5026943343480293e-5
128,2.987982232065945e12,7.51347167313664e-6
129,2.987982767152156e12,3.7567358386529105e-6
130,2.9879830346962173e12,1.8783679239367423e-6
131,2.808421724938021e12,9.391839716422433e-7
132,3.47195640350127e12,0.23891613638317358
133,3.2392440561842734e12,0.11945806819158654
134,3.3128960924313745e12,0.059729034095793596
135,3.148529504364612e12,0.029864517047896694
136,3.090728651229785e12,0.01493225852394837
137,3.00147472408381e12,0.007466129261974133
138,3.017492425003952e12,0.003733064630987297
139,2.9941601248785337e12,0.0018665323154936054
140,3.0174057588343984e12,0.0009332661577466668
141,3.0174735744830034e12,0.00046663307887309685
142,2.996901760484534e12,0.00023331653943688894
143,2.987982231622457e12,0.00022674188226675442
144,2.987982699820994e12,3.28713182759753e-6
145,2.987982933921031e12,1.6435659150411285e-6
146,2.9879830509709204e12,8.217829597592847e-7
147,2.987983109495937e12,4.108914844420745e-7
148,2.98798313875858e12,2.05445751021318e-7
149,2.808421678005648e12,1.0272289357152064e-7
150,3.448038969155966e12,0.30775632759220295
151,3.415456821698801e12,0.15387816379610156
152,3.2358049166971035e12,0.07693908189805075
153,3.208162546222623e12,0.03846954094902551
154,3.0820333372586196e12,0.01923477047451249
155,2.999154457225323e12,0.009617385237256217
156,3.0163318945687017e12,0.004808692618628169
157,3.0171822032031577e12,0.002404346309314365
158,3.0171158103815737e12,0.0012021731546567177
159,3.0173285743700405e12,0.0006010865773289043
160,3.0174349829607314e12,0.00030054328866400504
161,2.9879830508375605e12,0.00029982411419930623
162,2.9879831020471885e12,3.595299000185135e-7
163,2.9879831276516924e12,1.7976495127610469e-7
164,2.987983140454109e12,8.988247724790262e-8
165,2.9879831468552466e12,4.494124228942147e-8
166,2.8084216671715737e12,2.2470628152977244e-8
167,5.5626001357126125e13,4.544660790322446
168,5.457163783967837e12,2.272330395161223
169,3.8958426706377456e12,1.1361651975806113
170,3.55155475876161e12,0.5680825987903059
171,3.3536513148926543e12,0.28404129939515305
172,3.1421069599560576e12,0.14202064969757636
173,3.2424862358964023e12,0.07101032484878832
174,3.0891247131779663e12,0.03550516242439407
175,3.0560050966472656e12,0.01775258121219676
176,3.0400242134728384e12,0.008876290606098878
177,3.016144528427818e12,0.00443814530304906
178,2.987983111906356e12,0.004438074343626173
179,2.9879831309682925e12,8.109739784332002e-8
180,2.9879831404991504e12,4.0548698875203236e-8
181,2.98798314526446e12,2.027434984943111e-8
182,2.9879831476470767e12,1.013717526443916e-8
183,2.808421664956737e12,5.068589261656637e-9
184,3.49744804381667e12,0.2458034214811724
185,3.2294803702468677e12,0.12290171074058635
186,3.30683983022435e12,0.06145085537029318
187,3.151815042286185e12,0.030725427685146262
188,3.09237069734578e12,0.01536271384257306
189,3.0022883160288813e12,0.007681356921286888
190,3.0179000462586436e12,0.0038406784606433374
191,3.017966744703617e12,0.0019203392303215622
192,3.017507658184669e12,0.0009601696151612409
193,3.017524525225933e12,0.00048008480758005966
194,2.9969271586192363e12,0.00024004240379033907
195,2.9879831435013203e12,0.00024000946694179137
196,2.9879831461637554e12,1.7222709212173943e-8
197,2.9879831474950874e12,8.611354994390042e-9
198,2.987983148160597e12,4.3056780908961906e-9
199,2.8084216639498516e12,2.152839277170877e-9
200,3.497450758675799e12,0.24582936378521955
201,3.229481982371814e12,0.1229146818926099
202,3.306840759154712e12,0.061457340946304645
203,3.1518155093859385e12,0.03072867047315264
204,3.092370933379429e12,0.015364335236576057
205,3.0022884317451533e12,0.007682167618288271
206,3.017900104562761e12,0.003841083809143787
207,3.0179667737692173e12,0.0019205419045723385
208,3.0175076725629043e12,0.0009602709522858083
209,3.0175245322464277e12,0.000480135476142939
210,2.996927161934768e12,0.00024006773807157543
211,2.9879831463216836e12,0.00024005323139458456
212,2.9879831474066274e12,7.527541253539132e-9
213,2.987983147948865e12,3.76377049243385e-9
214,2.987983148219805e12,1.8818855700782582e-9
215,2.808421663565767e12,9.409423287978376e-10
216,3.484760232853765e12,0.31870428137812573
217,3.448461920196759e12,0.15935214068906312
218,3.261306279067538e12,0.07967607034453128
219,3.2164894913541724e12,0.03983803517226558
220,3.086161446087582e12,0.019919017586132962
221,3.0012038782467764e12,0.00995950879306616
222,3.017358764370923e12,0.004979754396533568
223,3.017696145482982e12,0.0024898771982665023
224,3.0173725850851074e12,0.001244938599133303
225,3.01745699104268e12,0.0006224692995666261
226,2.9968934306078906e12,0.00031123464978307557
227,2.9879831468940356e12,0.00031122916269674133
228,2.9879831476244595e12,3.360792957124097e-9
229,2.987983147989076e12,1.6803963938839372e-9
230,2.9879831481722344e12,8.401983992130273e-10
231,2.8084216634098037e12,4.200990813865321e-10
