# w=[gamma', pivot-reduced zfree (399 dims)] for the delta=1 UPPER (large-kappa) candidate,
# gamma'=0.955701, kappa=0.072737, from results/fullA_d4/b200eda/c9_phase8_d20_pilot_20260719_081058/summary.txt
# (polish2's best_feasible, corrected label per docs/fullA_D20_short_pilot.md sec 8.1).
# Parsed verbatim from that run's text summary (no re-derivation) -- see c10_phase7 QMC report
# for how this is used (a fixed A-block point for the cross-scramble comparison, not re-optimized).
0.9557005124111125
17.623939537707717
17.837482682662884
17.65474253415244
17.694150607604048
17.622775839169513
17.606394675229343
17.26966994714975
17.646505146142058
17.56438267877165
17.763165745615503
17.71356667260252
17.503755781095837
17.80417116415185
17.76821940837452
17.89623325651658
17.66427127090617
17.731361932884305
17.69349705322056
17.5511671742258
17.108569268968743
13.819449819066815
12.694808022656856
13.86609764017057
13.874962385011793
14.167626229841835
14.077898613356385
14.704822252342577
14.372105285307777
14.288889112471162
13.713054532186762
13.773865975314475
14.382435579841655
13.857138786840906
13.889928312559523
13.907668130761351
14.112995397187081
13.91513517894532
13.943512345571543
14.356180115801545
14.586429596886399
11.481312354980517
11.499043347305177
11.423942426447939
11.43452719519992
11.248174801974912
11.056726692319346
11.138305610310828
11.270781459042897
11.315144617226238
11.538394682669296
11.314450358232788
11.287263399485788
11.269774598728892
11.498867859942548
11.446953906716464
11.473138064261697
11.407548510621568
11.462364091135772
11.377941133845544
10.275745158386973
10.690413562577364
10.779158152935013
10.682878533759899
10.67995204205759
10.625998536661587
10.667704081565628
10.218569168658883
10.501586781299256
10.622795914952722
10.74138405292052
10.687864682631432
10.541294657300844
10.806187384883106
10.777696163608791
10.681501434417584
10.628467736929213
10.521995666960493
10.717602481135367
10.710044579650173
9.414233608151102
9.080819148905789
8.939438185809557
9.073315270201679
9.073553729688864
8.940040968227347
8.767915431534103
9.146850628415741
9.086228088209447
9.152849747190446
8.942365540479543
9.12443958208872
9.153030773402103
9.002478268575686
8.791283973422049
9.28822368520117
9.114337713392608
9.229609312085845
9.189426220984322
9.119925371303385
8.910021098867867
26.89050933220208
26.922209131677146
26.912686016171193
26.891989127875487
26.710408249302954
26.79620091815313
26.37790806397695
26.720110924730662
26.620542532448937
27.02673183073079
26.862351506441513
26.521921361964036
26.955389020975733
26.877138203616717
26.905378901396816
26.550842934961974
26.83592371492312
26.871344246798806
26.411320285282663
25.615420301443407
17.325347065856036
17.143107933763932
17.24156017275421
17.15582438259877
17.36090033891853
17.079896657931517
17.175141361563636
17.265374292567742
17.2964530406667
17.29373459249537
17.232736723226317
17.260957601004108
17.316249502291026
17.210696255660878
17.186679831153086
17.338094136984402
17.373409729647623
17.24806129665577
17.090262612268393
17.236974022706544
10.287148239457576
10.025152157515018
10.44125604193961
10.17683975896248
10.441893349792174
10.18341818191369
10.287537967832685
10.224916099960108
10.358612316150758
10.426036012180994
10.291446419599483
10.28364955481043
10.223027830952091
10.24621426363703
10.360926526346484
10.335311656358746
10.287102816490354
10.348351889108816
10.023514932956143
10.197366503912576
14.778592572523712
14.584655976175076
14.635201109262328
14.753368336668467
14.609819121130759
14.45303456211309
14.563729182985218
14.713335326081765
14.601010650619552
14.61902726048336
14.751684955790026
14.629474060181913
14.69380398261367
14.776145354759748
14.733192153858418
14.71232231545032
14.774043031507237
14.752027302764727
14.66877789624405
14.396514068827871
11.04213936772197
11.106284379519227
11.113881531652117
11.114029965521112
10.996706295394866
10.947435342610806
10.283664130026787
10.79274646853508
10.679579430665441
10.966132061992598
11.104525912096396
10.952326958581944
11.106342035130396
11.102904346385385
11.13516752653218
10.824711182385386
10.906166710225552
11.146579383741695
10.579732526347383
10.458293418142103
16.323439700868153
16.421417982337417
16.377507694722922
16.2732616413689
16.327345351133687
16.242648381156624
15.848680417028232
16.208955958178265
16.05453345988738
16.3735056090164
16.262862189597183
16.202684249374137
16.378395821457314
16.40165284778347
16.29331459410939
16.23062072563147
16.18534683263477
16.378137457031656
15.996570930774562
15.87105220139496
13.305808677137444
13.085027015738081
13.333317953871482
13.174359527714055
13.322869422718455
12.83127586904717
13.205255113579693
13.16299068318727
13.211656893411039
13.24972559019528
13.209423445255522
13.09664299401879
12.946368438940569
13.100989949445724
13.028093183825625
13.2633572433664
13.332528356601456
13.22944564305998
12.440048766248378
12.951785969889547
19.46467526776641
19.525314790196322
19.470318596898185
19.577727785819842
19.432542839331152
19.35482431134429
18.98528583547282
19.331610172709237
19.22146856364454
19.54669551677438
19.204021031474518
19.154766352780943
19.33935525172887
19.50004396571679
19.43674685119276
19.38269627529248
19.421107504787894
19.44388833387965
19.323099821829796
18.643684161489194
15.932246889805365
15.919671247640691
15.991095488596821
15.640158853757601
15.95245255371285
15.64624009330413
15.897396053200147
15.864405351011007
15.939164480973705
15.98848873649358
15.735555882025361
15.955343250692907
15.799407278205797
15.969178872628856
15.723279127206188
16.063849584976666
16.005395039176623
15.877734404162341
15.59968467405856
6.514579025978506
6.490899286083543
6.576271651760758
6.594231057469186
6.4755154144891485
6.551516728062926
6.261636034038932
6.46661727024538
6.299960890439389
6.60215040920178
6.615651939404886
6.441387289873387
6.605470441204578
6.550659748844706
6.416941654688911
6.4457585308231025
6.435596112003589
6.4486459346746425
6.522601253647942
5.516164204363061
9.857764993010228
9.752880212415548
9.970995020486702
9.973609747633663
9.98925093848484
9.53712736146004
9.899906782076867
9.769245726458335
9.899084087411687
9.971507271077177
9.879561375810443
9.833839525768076
9.89739517040841
9.847967477726584
9.851983781840172
9.720384961169042
9.88038616297036
9.972077426057904
9.851756440648952
9.845091481409225
10.310221412798276
10.51453376314182
10.437389935529204
10.35085368617481
10.397224932687775
10.424839850872685
10.252415433942277
10.365528055141722
10.405701230634701
10.546954493119884
10.48549321969663
10.369046618390987
10.385069238310157
10.553620350039274
10.48230933371448
10.413286326335456
10.389514561710895
10.489946456429466
10.034834823628037
10.00640052027928
7.295677890668322
7.280327887606278
7.200559196857936
7.2369804979206345
7.266905402274428
7.138526118490828
7.139816500940672
7.1613219002152
7.023014566166229
7.368964788602208
7.252119617070047
7.27264646126767
7.235973336024225
7.345663678084526
7.284905066988297
7.128462623713764
7.343699932394667
7.168235671572075
6.836715475800107
6.83422374753685
24.07710107391292
24.102397622845185
24.007015950046952
24.12119070355365
23.94077456565375
23.807346929403035
23.563682806155274
23.72930853805076
24.00332441846878
24.001531888171627
24.067608389346475
23.843746885536948
24.104666589203486
24.10367454033205
24.022355311443242
23.974167745102484
24.131832346744588
23.92920374566225
23.966912093933644
22.48644679341168
26.81046163456624
26.824403255556852
26.89058299210713
26.920564846773953
26.88036768880541
26.835763922304174
26.70236042077213
26.841049426438442
26.81993241771089
26.84413148894238
26.82498229045037
26.76037304220604
26.88092134187169
26.849248657883148
26.942022269841278
26.85097620499057
26.854174297561254
26.775616016642417
26.882104574191562
26.870872695993658